Set1_HvE,Set1_HvL,Set1_EvL,Set2_HvE,Set2_HvL,Set2_EvL,Set3_HvE,Set3_HvL,Set3_EvL,Set4_HvE,Set4_HvL,Set4_EvL,Set5_HvE,Set5_HvL,Set5_EvL,Set6_HvE,Set6_HvL,Set6_EvL,Set7_HvE,Set7_HvL,Set7_EvL,Set8_HvE,Set8_HvL,Set8_EvL,Set9_HvE,Set9_HvL,Set9_EvL,Set10_HvE,Set10_HvL,Set10_EvL,Set11_HvE,Set11_HvL,Set11_EvL,Set12_HvE,Set12_HvL,Set12_EvL,Set13_HvE,Set13_HvL,Set13_EvL,Set14_HvE,Set14_HvL,Set14_EvL,Set15_HvE,Set15_HvL,Set15_EvL,Set16_HvE,Set16_HvL,Set16_EvL,Set17_HvE,Set17_HvL,Set17_EvL,Set18_HvE,Set18_HvL,Set18_EvL,Set19_HvE,Set19_HvL,Set19_EvL,Set20_HvE,Set20_HvL,Set20_EvL,Set21_HvE,Set21_HvL,Set21_EvL,Set22_HvE,Set22_HvL,Set22_EvL,Set23_HvE,Set23_HvL,Set23_EvL,Set24_HvE,Set24_HvL,Set24_EvL,Set25_HvE,Set25_HvL,Set25_EvL,Set26_HvE,Set26_HvL,Set26_EvL,Set27_HvE,Set27_HvL,Set27_EvL,Set28_HvE,Set28_HvL,Set28_EvL,Set29_HvE,Set29_HvL,Set29_EvL,Set30_HvE,Set30_HvL,Set30_EvL,Set31_HvE,Set31_HvL,Set31_EvL,Set32_HvE,Set32_HvL,Set32_EvL,Set33_HvE,Set33_HvL,Set33_EvL,Set34_HvE,Set34_HvL,Set34_EvL,Set35_HvE,Set35_HvL,Set35_EvL,Set36_HvE,Set36_HvL,Set36_EvL,Set37_HvE,Set37_HvL,Set37_EvL,Set38_HvE,Set38_HvL,Set38_EvL,Set39_HvE,Set39_HvL,Set39_EvL,Set40_HvE,Set40_HvL,Set40_EvL,Set41_HvE,Set41_HvL,Set41_EvL,Set42_HvE,Set42_HvL,Set42_EvL,Set43_HvE,Set43_HvL,Set43_EvL,Set44_HvE,Set44_HvL,Set44_EvL,Set45_HvE,Set45_HvL,Set45_EvL
,,,56,57,57,,,,57,57,57,56,57,57,56,57,57,,,,,,,,,,56,57,57,56,57,57,,,,,,,,,,,,,56,56,57,,,,,,,,,,,,,,,,,,,,,,,,,,,,,,,56,57,57,56,56,57,,,,56,57,57,,,,,,,56,57,57,,,,,,,56,56,57,,,,56,56,57,,,,,,,,,,56,56,57,,,,,,,56,57,57
,,,,,,56,57,56,,,,,,,,,,,,,,,,,,,,,,,,,56,56,56,56,56,57,56,57,57,56,56,56,,,,,,,56,56,56,,,,,,,,,,56,56,57,,,,,,,,,,56,57,57,,,,,,,56,56,56,,,,56,56,56,,,,,,,56,56,57,56,57,56,,,,,,,,,,,,,56,56,57,,,,,,,56,56,57,56,57,57,,,
,,,,,,,,,56,57,57,56,57,57,,,,,,,,,,,,,,,,,,,56,56,56,56,57,57,,,,56,56,56,,,,,,,,,,,,,,,,56,56,57,56,57,57,56,56,57,,,,,,,,,,,,,,,,,,,56,57,57,56,56,57,,,,56,57,57,,,,56,56,57,56,56,56,,,,56,57,57,,,,,,,,,,,,,,,,,,,57,57,57
57,56,56,,,,,,,,,,,,,,,,56,56,57,56,56,56,56,57,57,,,,,,,,,,,,,,,,,,,,,,57,57,56,,,,56,57,57,56,56,57,56,56,57,,,,57,56,56,56,56,56,57,56,56,,,,,,,,,,,,,,,,,,,56,56,57,,,,,,,,,,,,,56,56,57,,,,56,57,57,,,,56,57,57,,,,,,,,,,,,
57,57,56,,,,,,,,,,,,,56,57,57,56,57,57,57,57,57,,,,,,,,,,,,,,,,,,,,,,57,56,57,,,,,,,57,57,56,,,,,,,,,,,,,56,57,57,57,57,56,57,57,57,56,56,56,,,,56,56,56,,,,,,,57,57,56,,,,,,,,,,,,,,,,,,,56,56,57,56,56,56,,,,,,,57,57,56,,,,,,
,,,56,56,57,56,56,57,,,,,,,,,,,,,,,,56,56,56,56,56,57,56,56,57,,,,,,,56,57,57,,,,,,,56,56,56,56,56,56,,,,56,56,56,,,,,,,,,,,,,,,,,,,,,,56,56,57,,,,,,,,,,,,,,,,56,56,57,,,,,,,56,56,57,,,,,,,,,,56,57,57,56,56,56,,,,56,56,56,,,
56,56,56,,,,,,,56,56,56,56,56,56,,,,,,,56,56,56,,,,56,56,57,,,,,,,56,56,56,,,,,,,,,,,,,56,56,56,,,,,,,,,,,,,,,,,,,,,,56,56,56,57,56,56,56,56,57,,,,56,56,57,56,56,56,,,,,,,56,56,57,,,,,,,,,,,,,,,,,,,,,,,,,56,56,57,,,,56,56,56
,,,,,,56,56,57,,,,,,,56,56,56,56,57,57,,,,,,,,,,56,57,57,56,56,56,,,,,,,56,56,56,,,,56,56,56,,,,56,56,57,,,,,,,,,,,,,,,,57,56,56,,,,,,,,,,56,56,56,,,,,,,,,,57,57,56,,,,,,,56,57,57,,,,,,,56,56,57,,,,,,,56,57,57,,,,57,56,57,,,
,,,56,57,57,,,,,,,,,,,,,,,,,,,57,57,56,,,,,,,,,,,,,56,57,57,,,,56,56,57,,,,,,,,,,56,56,57,56,56,57,56,57,57,56,56,56,56,57,57,,,,,,,,,,,,,,,,,,,,,,56,56,57,,,,,,,56,56,57,,,,56,56,57,56,56,57,,,,57,56,56,56,57,57,,,,,,,,,,,,
,,,,,,,,,,,,,,,56,56,57,57,57,57,57,57,57,56,57,57,,,,56,56,57,,,,56,56,57,,,,56,57,56,,,,57,57,57,56,56,57,56,56,57,,,,57,56,56,,,,,,,,,,56,56,57,,,,,,,,,,,,,,,,,,,56,56,57,,,,56,56,57,,,,56,56,56,,,,,,,,,,,,,,,,,,,,,,,,,,,
,,,56,57,57,,,,,,,56,56,56,56,57,57,56,56,57,57,57,56,56,57,57,,,,,,,56,56,57,,,,,,,56,57,57,,,,,,,,,,,,,,,,,,,,,,,,,56,56,56,,,,,,,56,57,57,,,,,,,,,,56,57,57,,,,57,56,57,,,,57,56,57,,,,56,56,57,,,,56,57,57,,,,,,,,,,,,,,,,,,
57,56,57,,,,57,57,56,,,,,,,,,,,,,,,,56,57,56,56,56,57,,,,,,,57,56,56,,,,,,,57,57,56,57,56,56,,,,,,,,,,,,,,,,,,,57,56,57,,,,56,57,57,57,56,57,,,,,,,,,,,,,,,,57,56,56,,,,,,,,,,,,,,,,56,56,57,,,,56,57,57,,,,,,,56,56,56,57,57,57
56,56,56,,,,56,56,56,,,,57,57,57,,,,,,,57,56,56,,,,,,,56,56,57,,,,,,,,,,56,56,57,,,,,,,56,56,56,56,56,57,,,,56,56,57,,,,,,,,,,57,56,56,,,,,,,56,56,57,,,,,,,,,,56,56,57,,,,,,,56,57,57,,,,,,,,,,,,,56,56,56,56,56,57,,,,,,,,,,,,
56,56,57,56,56,57,,,,,,,,,,,,,,,,57,56,56,,,,56,56,57,56,56,56,,,,,,,56,56,56,56,56,57,56,57,57,,,,,,,,,,,,,56,56,56,,,,,,,,,,,,,,,,56,57,56,,,,,,,,,,56,56,57,,,,,,,56,56,57,,,,,,,,,,,,,,,,56,57,56,,,,56,56,57,56,56,56,,,,,,
,,,,,,,,,,,,56,56,57,,,,,,,,,,,,,56,56,57,,,,56,56,56,,,,,,,,,,,,,,,,56,56,57,56,57,57,,,,,,,56,56,57,,,,,,,,,,57,57,57,57,57,56,56,57,57,,,,,,,,,,,,,,,,56,57,57,57,57,56,,,,,,,57,57,57,,,,,,,56,57,57,,,,,,,56,57,57,57,56,56
,,,,,,56,57,56,,,,,,,,,,,,,57,56,56,57,57,57,,,,,,,,,,,,,,,,,,,,,,56,57,56,,,,56,56,57,56,57,57,,,,57,57,57,,,,,,,56,56,56,,,,,,,57,56,56,,,,,,,57,57,57,56,56,57,56,56,57,,,,,,,,,,56,56,57,,,,,,,,,,,,,,,,56,56,57,,,,56,56,56
56,56,56,,,,,,,,,,,,,,,,,,,,,,,,,56,56,57,56,57,56,,,,57,56,57,,,,,,,,,,56,57,56,,,,56,56,56,56,56,57,56,56,56,,,,,,,,,,,,,57,57,57,,,,56,56,57,57,56,56,,,,,,,,,,,,,,,,,,,,,,,,,56,56,56,,,,56,57,57,,,,56,56,57,,,,,,,56,57,57
,,,,,,56,56,57,,,,56,56,56,,,,,,,,,,,,,,,,,,,,,,,,,,,,,,,56,56,57,,,,,,,,,,56,56,57,,,,56,57,57,57,56,56,56,56,56,,,,56,56,56,56,57,57,56,57,57,,,,,,,56,56,56,,,,,,,,,,,,,,,,56,56,57,57,57,56,,,,56,56,56,,,,56,56,56,,,,,,,,,
56,56,56,56,57,56,,,,,,,,,,,,,,,,,,,,,,,,,,,,56,57,57,,,,,,,56,56,57,,,,56,56,56,57,56,56,56,57,57,,,,,,,56,57,57,,,,,,,,,,56,57,57,57,57,57,,,,,,,,,,,,,,,,,,,56,57,57,56,56,57,,,,,,,,,,,,,56,57,57,,,,,,,56,56,57,56,56,57,,,
,,,,,,56,56,56,56,57,57,,,,,,,,,,,,,,,,,,,,,,,,,,,,56,57,57,,,,56,57,57,,,,56,56,57,,,,,,,,,,56,56,57,56,56,56,,,,57,56,56,,,,,,,,,,,,,56,57,57,,,,56,56,57,,,,56,56,57,,,,56,57,57,,,,,,,,,,,,,56,57,56,,,,56,56,56,56,56,57,,,
,,,,,,,,,,,,56,57,57,57,56,56,,,,,,,,,,,,,,,,,,,56,56,57,,,,,,,56,56,57,,,,56,56,57,,,,,,,56,56,56,56,56,57,,,,56,56,57,,,,,,,,,,,,,,,,,,,,,,,,,,,,,,,,,,56,56,57,,,,56,56,56,56,57,57,57,57,56,,,,57,56,57,56,56,56,,,,56,56,57
56,56,56,56,56,57,,,,,,,,,,,,,,,,,,,,,,56,56,57,56,56,57,56,56,56,,,,56,57,57,,,,,,,,,,56,56,57,,,,,,,56,56,56,,,,,,,,,,,,,,,,,,,,,,,,,,,,,,,56,56,57,,,,56,56,57,,,,,,,,,,57,57,57,56,57,57,,,,57,56,57,56,57,57,,,,,,,56,56,56
56,56,56,,,,56,56,57,,,,,,,,,,56,57,57,,,,,,,,,,56,56,56,56,56,56,57,57,56,,,,,,,,,,,,,,,,56,56,57,,,,,,,56,57,57,,,,,,,,,,56,56,56,,,,,,,,,,,,,,,,,,,,,,,,,,,,56,57,57,,,,,,,56,57,57,,,,56,56,56,56,56,57,,,,56,56,57,56,56,57
,,,,,,,,,56,56,57,57,57,57,57,56,57,,,,56,56,56,,,,,,,,,,,,,57,57,57,,,,,,,56,56,57,57,56,57,,,,56,56,57,,,,,,,,,,,,,,,,56,57,57,,,,,,,,,,,,,,,,,,,,,,56,56,57,,,,57,57,56,56,57,57,,,,,,,,,,,,,57,57,57,,,,56,57,56,57,56,57,,,
,,,,,,56,56,57,56,56,56,,,,,,,,,,,,,,,,,,,,,,,,,,,,56,57,57,,,,57,57,57,,,,56,56,57,,,,,,,,,,56,57,57,56,56,56,,,,56,57,57,,,,,,,,,,,,,56,57,57,,,,56,56,57,,,,56,56,57,,,,56,56,57,,,,,,,,,,,,,57,57,57,,,,56,56,57,56,56,57,,,
56,56,56,56,56,56,,,,56,56,56,,,,,,,,,,,,,,,,56,57,56,,,,56,56,56,,,,56,57,57,,,,,,,,,,,,,,,,,,,,,,,,,,,,,,,,,,,,,,,,,,,56,56,56,56,57,57,,,,,,,56,56,57,,,,57,57,56,,,,,,,,,,56,57,57,,,,56,57,57,,,,56,56,56,56,56,57,57,56,56
,,,,,,,,,,,,,,,,,,,,,,,,57,56,56,,,,,,,,,,,,,56,56,56,,,,,,,,,,,,,56,57,57,56,56,57,,,,,,,56,56,56,,,,57,57,57,,,,,,,56,57,57,,,,,,,,,,,,,56,56,57,56,56,57,56,57,56,,,,56,56,57,,,,,,,56,56,56,,,,,,,56,56,56,56,56,57,56,56,56
,,,,,,57,56,56,56,56,56,,,,,,,56,56,57,56,56,56,,,,,,,,,,,,,,,,,,,56,56,56,,,,56,56,56,,,,56,56,57,,,,,,,,,,,,,,,,56,56,56,56,56,56,,,,56,56,57,,,,56,56,57,56,56,57,56,56,57,56,56,57,,,,,,,,,,,,,,,,,,,,,,56,56,57,,,,,,,,,,,,
56,56,56,56,56,57,,,,,,,,,,,,,56,57,57,,,,,,,56,56,57,,,,,,,56,56,57,56,56,57,,,,56,56,57,57,56,56,,,,,,,,,,56,56,56,,,,,,,,,,57,57,56,56,56,56,,,,,,,57,56,56,,,,,,,,,,56,56,57,,,,56,56,57,,,,,,,,,,,,,,,,,,,,,,56,56,56,,,,,,
,,,,,,56,56,56,57,56,56,56,57,56,,,,57,56,56,,,,,,,,,,,,,56,56,56,,,,,,,,,,56,56,56,56,56,57,,,,,,,,,,57,56,57,,,,,,,,,,56,56,56,57,56,56,,,,,,,,,,,,,,,,57,56,57,,,,56,56,57,57,56,57,,,,,,,,,,56,56,56,,,,,,,,,,56,57,57,,,,,,
,,,,,,,,,,,,,,,,,,57,56,56,,,,57,56,56,56,56,57,,,,,,,57,57,57,,,,,,,,,,57,56,57,,,,,,,,,,56,56,56,57,56,56,57,56,56,,,,56,56,56,,,,,,,,,,,,,,,,,,,56,56,56,56,56,57,57,56,57,,,,56,57,57,,,,,,,,,,57,57,56,,,,56,56,56,,,,,,,,,
,,,,,,56,56,56,56,56,57,,,,,,,56,56,57,56,56,56,,,,,,,56,56,57,,,,,,,56,56,57,,,,,,,,,,,,,,,,56,56,57,,,,,,,56,56,56,,,,57,56,56,,,,,,,56,57,57,,,,56,56,57,56,56,56,,,,56,56,57,,,,,,,,,,56,56,57,,,,,,,,,,57,57,57,,,,,,,,,,,,
,,,,,,,,,,,,,,,,,,,,,56,57,56,57,57,57,,,,,,,,,,,,,,,,56,56,56,56,56,57,,,,56,56,56,,,,56,56,57,56,56,56,,,,,,,56,56,57,57,56,57,,,,57,56,57,56,57,57,,,,,,,56,56,56,56,57,57,,,,56,56,57,56,56,57,,,,,,,,,,,,,,,,,,,,,,,,,,,,,,
,,,,,,56,56,57,56,56,56,56,56,57,,,,56,57,57,56,56,56,57,56,57,,,,,,,,,,56,56,57,,,,56,56,56,,,,,,,,,,,,,,,,,,,,,,,,,57,56,57,56,56,56,,,,,,,,,,,,,,,,56,56,56,,,,,,,,,,,,,56,56,57,56,56,57,,,,56,56,57,,,,,,,56,56,56,,,,,,,,,
56,56,56,,,,,,,,,,56,57,57,57,56,56,,,,,,,56,57,57,56,56,57,,,,56,56,56,57,56,56,,,,,,,56,56,57,,,,,,,,,,,,,56,56,56,,,,,,,,,,,,,,,,57,56,56,,,,56,56,56,,,,,,,,,,,,,56,56,57,56,56,57,,,,,,,,,,,,,,,,,,,56,57,57,,,,56,56,56,,,
56,56,56,,,,,,,56,56,57,57,57,57,57,56,56,,,,,,,,,,,,,,,,56,56,56,,,,,,,56,56,57,,,,,,,,,,,,,,,,57,56,56,,,,57,56,56,,,,56,56,56,,,,,,,,,,,,,56,57,57,,,,,,,56,56,57,56,56,57,56,56,57,,,,,,,,,,56,57,57,,,,,,,56,56,56,,,,,,,,,
,,,57,57,57,,,,57,57,57,,,,,,,56,57,56,,,,,,,56,56,57,,,,56,57,56,57,57,56,,,,,,,,,,56,56,57,,,,,,,,,,56,56,57,57,57,57,,,,,,,57,56,56,57,57,57,,,,56,57,57,,,,,,,,,,,,,56,56,56,,,,56,56,57,,,,,,,,,,,,,56,56,56,,,,,,,,,,,,,,,
,,,,,,,,,,,,56,57,57,,,,,,,,,,,,,,,,,,,,,,57,57,57,,,,56,56,56,56,57,57,56,57,56,,,,,,,,,,56,56,56,,,,,,,,,,56,56,57,,,,57,57,56,56,57,57,,,,,,,56,56,57,,,,,,,56,56,57,,,,,,,,,,,,,,,,,,,,,,56,56,57,56,56,57,56,56,57,56,57,57
,,,,,,,,,56,56,57,56,57,56,57,57,56,,,,,,,,,,,,,,,,,,,,,,56,56,57,,,,,,,,,,56,56,56,,,,,,,57,56,56,56,56,56,,,,,,,,,,,,,,,,56,56,56,57,56,56,57,57,57,,,,,,,57,57,57,,,,56,57,57,56,56,56,,,,56,56,56,,,,,,,,,,,,,,,,,,,56,57,56
,,,,,,56,57,57,56,56,57,,,,,,,56,57,57,,,,,,,,,,,,,,,,57,56,56,,,,,,,,,,57,57,56,,,,56,56,57,56,56,57,,,,,,,,,,56,57,57,56,56,57,56,56,56,,,,,,,56,56,57,,,,,,,,,,,,,,,,,,,,,,,,,,,,56,56,57,56,56,56,57,57,56,,,,,,,56,56,56,,,
,,,56,56,57,,,,56,56,56,,,,,,,,,,,,,56,56,56,,,,56,56,56,,,,,,,56,56,57,,,,,,,,,,,,,,,,56,56,56,,,,,,,56,56,56,56,56,56,,,,,,,,,,,,,56,56,56,56,56,57,,,,56,56,57,,,,,,,,,,56,56,57,56,56,57,57,56,56,56,56,57,,,,,,,,,,,,,,,,,,
,,,,,,,,,56,56,57,56,57,57,,,,,,,56,56,56,,,,56,56,57,56,57,57,,,,,,,,,,,,,,,,,,,56,57,57,56,57,57,,,,56,56,56,,,,56,56,56,,,,56,56,57,56,56,56,,,,,,,56,56,56,,,,,,,,,,,,,,,,,,,,,,,,,,,,56,56,57,,,,,,,56,56,57,,,,56,56,56,,,
56,56,56,56,56,57,,,,,,,,,,,,,,,,,,,,,,,,,,,,56,56,56,,,,,,,56,56,56,,,,57,56,56,56,56,57,56,57,57,56,56,57,,,,,,,56,56,57,,,,,,,,,,56,57,57,,,,,,,,,,,,,56,56,57,,,,,,,,,,56,56,57,56,56,57,,,,,,,56,56,57,,,,,,,56,57,57,,,,,,
,,,,,,,,,56,56,57,,,,,,,56,57,57,56,56,56,,,,,,,,,,,,,,,,56,56,57,,,,,,,56,56,57,,,,,,,56,56,57,,,,,,,,,,,,,57,56,56,,,,,,,,,,,,,56,57,57,,,,,,,57,57,56,,,,,,,56,56,57,56,56,56,,,,,,,56,56,56,56,57,57,,,,,,,56,56,57,57,57,56
,,,,,,56,57,57,,,,,,,,,,,,,56,56,56,56,57,57,,,,,,,,,,,,,,,,,,,,,,57,57,57,,,,56,56,57,56,57,57,,,,56,56,56,,,,,,,56,56,56,,,,,,,56,56,56,,,,,,,56,56,57,56,57,57,56,57,57,,,,,,,,,,56,56,56,,,,,,,,,,,,,,,,56,56,56,,,,56,56,56
,,,56,56,57,,,,56,56,57,,,,,,,56,56,57,56,56,56,,,,56,56,57,56,56,57,,,,56,56,57,,,,,,,56,57,57,,,,,,,56,56,57,56,56,57,,,,,,,,,,,,,,,,,,,57,57,56,56,57,57,,,,,,,,,,56,56,57,,,,,,,,,,,,,,,,57,56,56,,,,,,,,,,,,,,,,56,56,57,,,
,,,,,,57,56,56,,,,,,,56,56,56,56,57,57,,,,56,57,57,,,,56,56,57,,,,,,,,,,,,,,,,,,,56,56,56,56,56,57,,,,,,,56,56,57,,,,56,57,57,,,,56,56,57,,,,,,,57,56,56,,,,,,,,,,56,56,57,,,,56,56,56,,,,56,56,57,,,,56,56,57,,,,,,,,,,,,,,,,,,
,,,,,,56,56,56,56,56,57,57,57,57,,,,,,,,,,,,,,,,,,,,,,57,56,56,56,56,57,,,,56,56,57,57,57,57,,,,56,56,57,56,56,57,,,,,,,,,,,,,56,56,57,56,56,56,,,,,,,,,,,,,,,,,,,,,,,,,,,,56,56,57,,,,56,57,56,56,57,57,56,56,57,,,,,,,,,,,,,,,
57,56,56,,,,,,,,,,56,57,57,,,,,,,,,,,,,,,,56,56,56,,,,56,56,56,,,,56,56,56,56,56,56,,,,,,,56,56,56,,,,,,,57,57,56,,,,56,56,57,,,,,,,56,56,56,56,57,57,,,,,,,,,,,,,,,,56,56,57,,,,,,,,,,56,57,56,,,,,,,,,,57,56,57,56,56,56,,,,,,
,,,,,,,,,,,,,,,57,56,56,56,56,57,,,,,,,,,,,,,,,,57,56,56,56,56,57,,,,56,57,57,,,,,,,,,,56,56,56,,,,,,,,,,,,,,,,56,56,56,57,56,56,,,,,,,56,57,57,,,,,,,56,56,57,,,,,,,56,56,57,56,57,57,,,,56,56,57,,,,,,,,,,56,56,56,,,,56,56,57
,,,,,,56,57,57,,,,,,,57,57,57,,,,,,,,,,56,57,57,56,56,56,56,56,57,,,,,,,,,,56,56,56,,,,,,,,,,,,,,,,56,57,56,,,,,,,,,,56,56,57,,,,56,57,57,,,,,,,,,,,,,,,,56,56,57,57,56,57,,,,,,,,,,,,,56,56,56,,,,56,56,57,,,,57,57,57,56,57,57
56,57,57,,,,57,57,56,,,,,,,,,,,,,56,56,56,,,,56,57,57,56,56,57,,,,,,,,,,,,,,,,56,56,57,,,,56,57,57,56,56,57,,,,,,,,,,56,57,56,56,56,57,,,,,,,,,,,,,56,57,57,,,,,,,,,,56,57,57,,,,56,56,57,56,57,57,,,,,,,,,,,,,,,,,,,56,56,57,,,
,,,,,,,,,56,56,57,56,57,57,56,56,56,,,,,,,,,,56,57,57,,,,,,,,,,56,56,57,,,,,,,56,56,57,,,,56,56,57,56,57,57,56,56,57,,,,,,,,,,,,,,,,,,,,,,,,,,,,,,,56,56,56,,,,,,,,,,56,56,57,,,,56,56,56,,,,57,57,56,,,,56,56,57,56,56,56,,,,,,
,,,56,57,57,,,,56,57,57,56,56,57,,,,56,57,57,,,,,,,,,,,,,56,56,56,,,,56,56,57,,,,,,,,,,56,56,56,,,,56,56,57,,,,,,,56,56,57,,,,,,,,,,,,,,,,,,,56,57,57,,,,56,56,57,,,,,,,,,,56,56,57,,,,56,57,57,,,,56,57,57,,,,,,,56,56,56,,,,,,
,,,56,56,57,56,56,56,,,,,,,56,56,56,,,,,,,56,56,57,56,56,57,,,,56,56,56,,,,,,,,,,,,,56,56,57,56,56,56,,,,,,,,,,,,,56,56,56,,,,,,,,,,,,,,,,56,56,57,,,,56,56,56,56,57,57,,,,,,,,,,,,,56,56,57,,,,56,56,57,,,,,,,,,,,,,56,56,57,,,
,,,56,57,57,,,,,,,,,,,,,56,56,57,,,,,,,,,,56,56,56,56,56,56,,,,,,,56,56,56,,,,,,,,,,,,,56,56,57,56,56,56,56,56,57,57,56,56,56,56,56,,,,,,,,,,56,56,57,56,56,56,,,,,,,,,,,,,56,56,57,,,,,,,56,56,57,56,56,56,,,,,,,,,,,,,,,,,,,,,
,,,,,,56,57,57,,,,,,,56,57,57,,,,,,,,,,56,56,57,,,,56,56,56,,,,,,,,,,,,,,,,56,56,57,56,57,57,,,,,,,,,,,,,56,57,57,,,,,,,,,,57,56,57,,,,,,,,,,,,,57,57,57,56,57,57,,,,,,,56,56,56,56,57,57,56,56,57,57,56,57,,,,,,,,,,,,,57,57,57
,,,56,57,57,56,56,56,56,56,57,57,57,56,,,,,,,56,56,56,,,,,,,,,,,,,56,56,57,,,,,,,,,,,,,,,,,,,56,57,57,,,,,,,,,,,,,,,,,,,,,,56,57,57,,,,56,57,57,,,,,,,56,56,57,,,,,,,56,56,57,56,56,57,,,,56,57,57,56,57,57,,,,,,,56,56,57,,,,,,
,,,56,57,57,,,,56,56,57,,,,56,56,56,,,,56,56,56,,,,,,,,,,,,,,,,56,56,57,56,56,56,,,,,,,,,,,,,,,,,,,,,,56,56,57,,,,57,56,56,,,,,,,56,56,57,56,56,56,56,56,57,56,56,57,,,,,,,56,56,57,56,56,56,,,,56,56,57,,,,,,,,,,,,,,,,,,,,,,,,
,,,56,56,56,56,57,56,56,56,57,,,,,,,,,,,,,,,,56,56,57,56,57,57,,,,,,,57,56,57,,,,,,,,,,,,,,,,,,,56,56,56,,,,,,,,,,57,56,56,56,56,56,57,57,57,,,,,,,,,,56,57,56,56,56,56,,,,56,56,57,,,,56,57,56,,,,,,,,,,,,,,,,56,56,57,,,,,,,,,
,,,,,,,,,,,,,,,56,57,56,,,,,,,56,57,57,,,,,,,,,,,,,,,,56,56,57,,,,56,56,57,56,56,57,56,57,57,56,56,57,,,,56,56,56,56,56,56,56,56,57,,,,,,,,,,56,57,57,,,,,,,,,,,,,,,,,,,,,,,,,56,56,57,,,,56,57,57,56,56,56,,,,,,,56,57,56,,,,,,
56,56,56,,,,56,57,57,56,57,57,,,,,,,56,57,57,56,56,56,,,,56,56,57,,,,,,,57,57,57,56,57,57,56,56,56,,,,,,,56,56,57,,,,,,,,,,56,56,56,56,56,56,,,,,,,,,,,,,56,57,57,,,,,,,,,,,,,56,57,56,,,,,,,,,,,,,,,,,,,,,,56,57,57,,,,,,,,,,,,
,,,,,,,,,56,57,57,,,,,,,,,,57,57,56,56,57,57,56,56,57,,,,56,56,56,,,,,,,,,,56,56,56,,,,56,56,57,,,,,,,56,56,57,,,,,,,,,,,,,,,,,,,56,57,57,56,56,56,,,,,,,,,,,,,,,,56,56,57,,,,,,,,,,,,,,,,56,57,57,56,56,57,56,56,57,56,56,57,,,
,,,,,,,,,,,,,,,57,56,56,,,,56,56,56,57,56,57,,,,57,57,56,,,,,,,56,56,57,,,,,,,,,,,,,,,,56,57,56,57,56,56,,,,56,56,56,,,,,,,,,,,,,,,,57,56,56,56,57,57,57,56,56,56,56,57,56,57,57,,,,,,,,,,,,,56,56,56,,,,,,,,,,,,,,,,,,,56,56,56
,,,56,57,57,,,,,,,,,,,,,56,57,57,,,,,,,,,,,,,56,56,57,,,,57,57,57,57,56,56,,,,56,56,57,56,56,56,,,,56,56,57,,,,,,,,,,56,56,57,,,,,,,,,,,,,,,,56,57,57,,,,56,56,57,56,57,57,56,56,57,,,,,,,,,,,,,,,,,,,56,57,57,,,,57,56,56,,,,,,
,,,,,,56,57,57,56,56,57,,,,,,,,,,,,,56,57,57,,,,56,56,56,,,,57,57,57,,,,,,,,,,57,57,56,56,56,56,,,,,,,,,,,,,56,56,57,56,56,57,,,,,,,,,,,,,,,,,,,,,,56,56,56,,,,57,56,57,,,,,,,56,56,57,,,,56,56,57,56,57,56,57,57,57,,,,,,,,,,,,
56,56,56,,,,,,,,,,,,,,,,,,,56,56,56,,,,56,56,57,56,56,57,,,,,,,,,,,,,,,,,,,56,56,56,,,,,,,,,,57,57,57,56,56,56,56,56,57,,,,,,,,,,,,,56,56,56,57,57,57,,,,,,,56,57,57,,,,,,,,,,56,56,57,56,56,56,,,,57,56,56,56,57,57,,,,,,,,,,,,
,,,,,,,,,56,57,57,,,,,,,,,,,,,,,,56,56,57,56,56,57,,,,,,,56,56,57,,,,,,,,,,,,,,,,,,,,,,,,,,,,,,,,,,56,56,57,57,57,57,,,,56,56,56,56,57,57,56,56,56,,,,,,,56,56,57,,,,56,56,57,56,56,57,57,56,57,,,,,,,,,,56,56,56,,,,,,,56,56,57
,,,,,,,,,,,,57,57,57,,,,56,57,57,57,57,56,57,57,57,56,56,57,,,,,,,56,56,57,,,,56,56,57,,,,,,,,,,57,57,57,56,56,57,56,56,57,,,,,,,,,,,,,,,,,,,,,,56,56,57,,,,56,57,57,,,,56,57,56,,,,57,57,57,,,,,,,,,,,,,,,,,,,56,56,56,,,,,,,,,
,,,,,,,,,,,,56,57,57,56,56,56,56,56,57,,,,,,,,,,,,,56,56,56,56,57,57,,,,56,56,56,56,56,57,,,,,,,,,,,,,,,,,,,56,56,56,56,56,57,,,,56,56,56,57,57,57,,,,,,,56,57,57,,,,,,,,,,,,,56,56,57,56,56,57,,,,,,,,,,,,,,,,,,,,,,56,56,56,,,
56,56,56,,,,56,57,57,56,56,56,,,,56,56,56,56,56,57,56,56,56,,,,,,,,,,,,,57,57,56,,,,56,56,56,,,,56,57,57,,,,,,,,,,,,,56,57,57,,,,,,,,,,,,,,,,,,,,,,56,56,57,56,56,56,56,56,57,,,,,,,,,,56,56,57,,,,,,,,,,,,,57,57,57,,,,,,,,,,,,
,,,,,,,,,,,,57,57,57,,,,,,,57,56,56,56,57,57,,,,56,56,57,,,,,,,,,,56,56,56,56,56,57,,,,56,56,56,,,,,,,,,,,,,,,,56,56,57,,,,,,,,,,,,,56,56,56,56,57,57,56,57,57,56,56,56,,,,,,,,,,,,,56,56,57,,,,56,56,57,,,,,,,,,,,,,,,,56,56,56
,,,,,,56,56,56,56,56,57,56,57,56,,,,,,,,,,,,,,,,,,,,,,56,57,56,57,56,57,,,,56,56,57,57,57,56,,,,56,56,57,56,56,57,,,,,,,,,,,,,57,56,56,57,56,56,,,,,,,,,,,,,,,,,,,,,,,,,,,,56,56,57,,,,56,57,57,56,56,57,56,57,57,,,,,,,,,,,,,,,
,,,,,,,,,,,,,,,,,,,,,56,56,56,,,,,,,56,56,57,,,,,,,,,,,,,57,57,57,,,,,,,56,56,57,,,,,,,,,,,,,,,,56,56,57,56,56,56,56,57,56,,,,56,56,56,,,,,,,,,,56,57,57,,,,,,,,,,,,,57,56,57,56,57,57,,,,,,,56,56,57,56,56,56,56,56,56,57,56,56
,,,56,57,57,,,,,,,,,,,,,,,,,,,,,,,,,,,,,,,,,,56,56,56,56,56,56,,,,,,,56,56,57,,,,,,,,,,56,56,57,56,56,57,,,,,,,,,,56,56,56,,,,,,,56,57,57,,,,56,56,57,,,,,,,56,56,56,,,,,,,56,56,56,56,57,57,,,,56,57,57,56,56,56,57,56,56,,,,,,
56,56,56,,,,,,,,,,,,,,,,56,57,57,,,,,,,56,56,57,56,57,57,56,56,56,,,,56,56,56,,,,56,56,57,56,56,56,56,56,56,56,57,57,,,,,,,,,,,,,,,,,,,56,56,57,,,,,,,,,,,,,,,,56,57,57,,,,,,,56,57,57,,,,,,,,,,,,,,,,56,56,56,,,,,,,56,56,57,,,
,,,,,,56,57,57,,,,56,57,57,,,,,,,,,,,,,56,57,56,57,57,57,56,56,57,,,,57,57,56,,,,,,,,,,,,,,,,,,,,,,,,,,,,,,,,,,56,56,56,,,,57,56,57,,,,56,56,57,57,57,57,56,56,56,,,,,,,,,,,,,,,,56,57,57,57,57,57,,,,57,57,56,,,,,,,,,,56,57,57
,,,56,56,57,56,56,57,,,,,,,,,,,,,,,,,,,56,56,57,56,56,56,56,56,57,,,,,,,,,,56,57,57,,,,,,,,,,56,56,56,56,56,56,,,,,,,,,,,,,,,,57,56,57,,,,,,,,,,57,56,57,,,,,,,56,56,57,,,,,,,56,56,56,56,57,57,,,,,,,,,,56,56,57,,,,,,,56,56,56
56,56,57,,,,,,,,,,,,,56,56,56,,,,,,,56,56,57,,,,56,56,56,56,56,56,,,,56,56,56,,,,,,,,,,56,56,56,,,,,,,,,,,,,57,56,56,,,,,,,,,,,,,56,56,57,,,,56,56,57,,,,56,56,57,56,57,57,56,56,57,,,,,,,,,,,,,56,56,57,,,,,,,,,,,,,57,57,57,,,
,,,,,,,,,,,,56,57,56,56,56,56,56,57,57,,,,56,56,56,,,,,,,56,56,57,,,,,,,,,,,,,57,57,57,,,,56,56,57,56,56,57,56,56,56,,,,,,,,,,56,57,57,,,,,,,56,57,57,56,57,57,,,,56,57,57,56,56,57,,,,,,,,,,,,,,,,,,,,,,56,57,56,,,,,,,,,,,,,,,
,,,56,57,57,,,,56,56,56,,,,,,,56,56,57,56,56,57,,,,,,,,,,56,56,56,56,56,56,,,,56,56,56,56,56,57,,,,,,,,,,,,,56,56,56,,,,,,,,,,57,56,56,,,,,,,,,,56,57,57,56,57,57,57,56,56,,,,56,56,57,,,,,,,,,,,,,,,,,,,,,,,,,,,,,,,,,,56,56,56
56,56,57,,,,56,57,57,,,,56,57,57,,,,,,,,,,56,57,57,,,,,,,56,56,56,,,,56,56,57,,,,,,,,,,56,56,57,,,,56,57,57,56,56,57,,,,56,56,56,,,,,,,,,,,,,,,,,,,56,57,57,56,57,57,56,56,57,,,,,,,,,,,,,,,,,,,,,,56,57,57,,,,,,,56,56,56,,,,,,
56,56,56,,,,,,,,,,,,,57,56,56,,,,56,56,56,56,57,57,,,,,,,,,,,,,,,,,,,,,,,,,,,,,,,,,,,,,56,56,56,56,56,56,56,56,57,,,,,,,,,,56,56,57,56,56,56,56,57,57,57,56,56,,,,,,,,,,,,,,,,56,56,57,,,,56,57,57,,,,56,57,57,,,,,,,56,56,57,,,
,,,,,,,,,,,,,,,56,56,56,,,,,,,,,,,,,,,,56,56,57,,,,,,,56,56,57,,,,,,,,,,,,,,,,,,,56,56,57,56,56,57,56,56,57,,,,,,,,,,,,,,,,,,,56,56,57,,,,,,,56,56,57,56,56,57,56,56,57,56,57,57,,,,56,56,57,56,56,56,56,57,57,56,56,57,,,,,,,,,
56,56,57,56,57,57,,,,56,56,56,,,,,,,,,,,,,,,,,,,,,,,,,,,,,,,,,,56,56,57,,,,,,,56,56,57,56,56,57,56,56,56,56,56,57,56,56,56,,,,56,56,57,,,,,,,,,,57,56,56,,,,,,,,,,56,57,57,,,,,,,,,,57,56,57,,,,,,,,,,,,,56,56,57,56,56,57,,,,,,
56,56,56,,,,,,,56,56,56,,,,56,56,56,,,,56,56,56,56,56,57,56,56,57,,,,,,,,,,,,,56,56,56,56,56,57,,,,56,56,56,56,56,57,,,,,,,,,,,,,,,,,,,56,56,56,57,57,56,,,,,,,,,,,,,,,,,,,,,,56,56,57,,,,56,56,57,57,57,56,,,,,,,,,,,,,,,,,,,,,
,,,56,56,57,56,57,56,,,,,,,56,56,56,,,,57,56,56,56,57,57,,,,,,,,,,,,,,,,56,56,56,56,57,57,,,,,,,,,,,,,,,,56,56,57,57,56,56,,,,,,,56,56,56,,,,,,,,,,,,,,,,,,,56,57,57,,,,,,,56,56,57,,,,,,,56,56,57,56,57,57,,,,,,,,,,,,,56,56,56
,,,56,56,57,,,,,,,56,56,57,,,,56,56,57,,,,,,,56,56,57,,,,,,,,,,,,,56,56,56,56,56,57,,,,,,,56,56,57,56,56,57,,,,,,,,,,,,,56,56,56,,,,56,57,57,,,,,,,,,,,,,,,,56,57,57,,,,,,,56,56,57,,,,56,56,57,,,,,,,,,,56,56,57,56,56,56,,,,,,
,,,56,56,57,,,,,,,,,,,,,,,,56,56,56,56,56,56,,,,56,56,56,56,56,56,,,,56,56,57,,,,,,,,,,,,,56,56,57,56,56,57,,,,,,,,,,,,,,,,,,,56,56,56,,,,56,56,56,,,,,,,,,,,,,,,,,,,,,,56,56,57,56,56,56,,,,56,56,56,56,57,57,,,,,,,,,,56,56,56
,,,,,,56,56,56,,,,56,57,57,56,56,56,,,,,,,,,,,,,,,,56,56,56,56,56,57,56,56,57,,,,,,,,,,,,,56,56,57,56,56,57,,,,,,,,,,56,56,57,,,,,,,,,,56,56,57,56,56,57,,,,,,,,,,,,,,,,,,,,,,,,,,,,56,56,57,56,56,57,,,,,,,56,56,57,56,56,57,,,
,,,56,57,57,,,,56,57,57,,,,,,,56,57,57,,,,56,57,57,56,56,57,,,,56,56,56,,,,,,,,,,,,,56,56,57,,,,,,,,,,,,,56,56,57,,,,56,56,57,,,,,,,,,,,,,,,,,,,,,,,,,,,,56,56,57,57,57,57,56,56,57,,,,56,57,57,56,56,57,,,,,,,56,56,57,,,,,,,,,
,,,56,56,57,,,,,,,,,,,,,56,56,57,,,,,,,,,,56,56,57,,,,,,,,,,,,,,,,57,57,56,,,,,,,,,,56,56,56,56,56,56,57,56,56,,,,56,56,56,,,,,,,,,,,,,56,56,57,56,56,56,,,,,,,56,56,57,,,,56,56,56,,,,,,,,,,,,,56,56,57,56,56,57,,,,,,,56,56,57
,,,56,56,57,,,,,,,56,57,57,,,,,,,,,,,,,56,56,57,56,56,57,56,56,56,,,,,,,,,,56,56,57,,,,56,56,57,,,,,,,57,56,56,,,,,,,56,56,57,,,,56,56,56,57,56,56,,,,56,56,56,,,,,,,,,,,,,,,,,,,,,,,,,56,56,57,56,56,57,,,,,,,56,56,57,,,,,,,,,
56,56,56,,,,,,,,,,,,,,,,56,57,57,,,,57,57,57,,,,,,,,,,56,57,56,,,,,,,,,,,,,,,,,,,,,,,,,56,56,57,56,56,56,,,,57,56,57,56,56,56,,,,,,,56,56,56,56,57,57,57,56,56,56,56,57,,,,,,,56,56,57,56,56,57,,,,,,,,,,,,,,,,,,,56,56,56,,,,,,
56,56,56,,,,57,56,56,,,,,,,,,,,,,57,56,56,56,56,56,,,,,,,,,,57,56,56,,,,,,,,,,56,57,56,56,56,56,,,,,,,,,,,,,,,,,,,56,56,56,56,56,56,,,,,,,,,,,,,,,,57,56,56,,,,,,,56,56,56,,,,,,,,,,56,56,56,56,56,56,56,56,56,56,56,57,,,,,,,,,
56,56,56,,,,,,,,,,57,56,56,56,56,57,57,57,56,57,56,56,,,,,,,,,,,,,,,,,,,,,,,,,57,57,56,,,,56,56,57,,,,,,,,,,56,56,56,56,56,56,,,,,,,,,,,,,56,56,56,56,56,57,,,,,,,,,,,,,,,,,,,,,,,,,56,56,57,56,56,56,57,56,56,,,,56,56,57,,,,,,
,,,56,57,57,56,57,57,,,,,,,,,,56,57,57,,,,,,,57,57,57,,,,,,,56,57,57,,,,,,,56,57,57,57,57,57,,,,,,,,,,,,,56,57,57,,,,,,,,,,56,57,57,,,,57,57,57,,,,,,,56,57,57,56,56,57,,,,,,,,,,57,56,56,,,,,,,,,,,,,,,,,,,56,56,57,56,56,57,,,
,,,,,,56,57,57,56,57,57,56,57,57,56,56,57,,,,56,56,56,57,57,57,,,,,,,,,,,,,,,,,,,57,57,56,,,,,,,,,,56,56,57,,,,,,,,,,56,57,57,,,,56,57,57,,,,,,,,,,,,,,,,56,56,57,57,57,56,,,,,,,56,56,57,,,,,,,56,56,56,,,,,,,57,57,57,,,,,,,,,
56,56,56,,,,,,,,,,,,,57,56,56,,,,56,56,56,,,,,,,,,,,,,,,,56,56,57,56,56,57,56,57,57,,,,56,56,57,56,56,56,56,56,56,,,,,,,,,,,,,,,,56,56,56,57,56,56,56,57,57,57,56,56,,,,,,,,,,,,,,,,,,,,,,56,57,57,,,,,,,,,,,,,,,,,,,56,56,56,,,
,,,,,,57,56,56,,,,,,,56,56,56,,,,,,,56,57,57,56,57,57,,,,,,,,,,56,56,57,56,56,56,,,,56,56,57,,,,56,56,57,,,,56,56,56,,,,56,56,56,56,56,57,,,,,,,,,,,,,56,56,56,,,,,,,,,,,,,,,,56,56,57,,,,56,56,57,,,,,,,,,,,,,56,56,57,,,,,,,,,
56,56,56,,,,57,57,56,57,56,57,56,56,57,57,56,56,,,,,,,,,,,,,,,,,,,57,57,57,,,,,,,,,,,,,,,,,,,,,,,,,56,57,57,,,,,,,,,,,,,,,,56,56,57,,,,,,,57,56,57,,,,,,,,,,56,57,57,56,56,57,56,56,57,56,56,57,,,,57,57,57,,,,,,,,,,,,,56,56,57
,,,56,56,57,,,,,,,56,57,57,56,56,56,,,,,,,,,,57,57,57,,,,,,,,,,,,,,,,56,56,57,,,,56,56,56,,,,,,,,,,,,,,,,,,,57,56,56,,,,,,,,,,,,,,,,56,56,56,56,56,57,,,,56,56,57,,,,56,56,57,,,,57,56,56,56,56,56,56,56,57,,,,,,,,,,56,56,57,,,
,,,56,56,57,,,,56,56,57,57,57,57,,,,56,56,57,,,,,,,56,56,57,,,,,,,,,,,,,,,,56,56,57,,,,,,,56,56,57,56,56,57,,,,,,,,,,,,,,,,,,,,,,,,,,,,,,,,,,56,56,56,,,,,,,56,56,57,56,56,57,,,,56,56,56,,,,56,56,57,,,,,,,56,56,56,,,,56,56,57
,,,56,57,57,,,,57,57,57,,,,,,,,,,,,,56,56,57,57,57,57,,,,56,56,56,,,,,,,,,,,,,57,57,56,,,,,,,,,,,,,56,56,56,57,56,57,57,57,56,,,,,,,,,,,,,57,57,56,,,,56,57,57,,,,,,,56,56,57,,,,,,,,,,57,56,56,,,,,,,,,,56,56,57,,,,56,56,57,,,
56,56,56,,,,,,,,,,,,,,,,56,56,57,,,,56,56,56,,,,,,,56,56,56,,,,,,,,,,57,56,56,,,,56,56,57,,,,,,,,,,56,57,57,,,,,,,,,,,,,,,,56,57,57,57,56,56,56,56,57,,,,,,,56,57,57,,,,56,56,56,,,,56,56,56,,,,,,,,,,,,,,,,,,,57,56,56,56,56,56
,,,,,,,,,,,,56,56,57,57,56,56,56,56,57,,,,,,,,,,,,,56,56,56,,,,,,,56,56,57,56,56,57,56,57,56,,,,56,56,57,56,56,57,,,,56,56,56,,,,56,56,57,,,,,,,,,,,,,,,,,,,56,56,57,,,,,,,,,,56,56,57,,,,,,,56,56,57,,,,,,,,,,,,,56,57,57,,,,,,
,,,,,,,,,,,,,,,,,,,,,56,56,56,56,57,56,,,,56,56,56,,,,,,,57,57,57,,,,,,,,,,56,56,56,56,57,57,57,56,56,,,,,,,,,,56,56,56,,,,,,,57,57,56,,,,57,57,57,,,,,,,,,,,,,,,,,,,,,,56,56,57,56,56,57,,,,56,56,57,57,56,57,,,,,,,,,,57,56,57
,,,56,57,57,,,,,,,,,,56,56,57,,,,56,56,56,,,,,,,,,,56,56,56,,,,,,,56,56,56,,,,,,,,,,,,,,,,,,,,,,56,56,57,56,56,57,,,,,,,56,56,57,,,,,,,,,,56,56,56,56,56,57,,,,56,57,57,56,56,57,,,,,,,,,,,,,,,,56,57,57,56,56,57,56,56,57,,,,,,
,,,,,,56,56,57,,,,,,,,,,56,57,57,,,,56,57,57,,,,,,,56,56,56,,,,,,,56,56,56,56,57,57,,,,56,56,56,56,56,57,56,56,57,,,,,,,,,,,,,56,56,56,,,,57,57,56,,,,,,,,,,,,,,,,,,,56,56,57,56,56,56,,,,56,56,56,,,,,,,56,57,57,,,,,,,,,,,,,,,
,,,,,,,,,56,56,56,,,,,,,,,,,,,,,,56,57,57,56,56,57,,,,56,56,57,56,56,57,56,56,57,,,,,,,,,,,,,56,57,57,56,56,56,,,,,,,56,56,57,56,56,57,56,56,56,,,,,,,,,,,,,,,,56,56,57,,,,,,,,,,56,56,57,,,,56,56,57,56,56,57,,,,,,,,,,,,,,,,,,
,,,56,56,56,,,,,,,,,,,,,56,56,57,,,,56,56,57,56,57,57,,,,56,56,57,,,,57,56,57,,,,56,56,57,57,56,56,,,,,,,,,,56,56,57,,,,56,56,57,56,57,57,,,,,,,56,56,57,,,,,,,56,57,57,,,,,,,,,,56,56,57,,,,,,,,,,,,,,,,,,,56,57,57,,,,,,,,,,,,
,,,,,,,,,,,,,,,,,,,,,57,56,56,,,,,,,56,56,57,,,,56,57,57,56,56,57,,,,,,,,,,,,,56,57,57,,,,,,,56,56,57,,,,,,,,,,56,56,56,57,57,57,57,57,57,56,56,56,56,56,57,,,,,,,56,57,57,,,,,,,,,,56,56,57,,,,,,,,,,,,,,,,56,56,57,,,,56,56,57
,,,,,,,,,,,,,,,56,56,56,56,57,57,,,,,,,56,56,57,,,,56,56,57,,,,,,,56,56,56,,,,,,,56,56,56,,,,,,,56,56,56,,,,,,,,,,,,,,,,,,,,,,56,56,56,56,57,57,,,,56,57,57,56,56,57,,,,56,56,57,,,,,,,,,,,,,,,,,,,56,56,57,56,56,57,,,,56,56,57
57,56,57,,,,,,,56,56,57,57,57,57,,,,57,56,57,,,,,,,,,,,,,,,,,,,57,57,57,56,56,57,,,,,,,56,57,56,56,57,56,,,,,,,,,,,,,56,56,57,,,,,,,57,56,56,,,,56,57,56,,,,,,,,,,56,57,57,,,,56,56,56,,,,,,,,,,56,56,56,,,,,,,57,56,56,,,,,,,,,
,,,56,57,57,,,,,,,,,,,,,,,,,,,,,,56,56,57,56,57,57,56,56,56,56,57,57,,,,57,57,57,,,,56,57,57,,,,,,,,,,56,57,57,,,,57,57,57,,,,57,56,56,,,,,,,56,57,57,,,,,,,57,57,57,,,,,,,,,,,,,,,,,,,57,57,57,,,,56,56,56,,,,,,,56,57,56,,,,,,
56,56,56,,,,56,57,57,,,,,,,,,,,,,,,,,,,,,,,,,,,,,,,56,57,56,,,,,,,,,,,,,,,,56,57,57,,,,,,,56,56,57,,,,,,,,,,56,57,57,,,,,,,56,57,57,,,,,,,,,,56,56,57,,,,56,56,57,,,,56,57,57,56,56,57,,,,56,56,57,56,56,57,56,57,57,56,57,57,,,
,,,56,57,57,,,,,,,56,57,57,,,,,,,,,,,,,56,57,57,56,57,57,56,56,56,,,,,,,,,,56,57,57,,,,56,56,56,,,,,,,56,56,56,,,,,,,57,56,57,,,,56,57,57,57,57,57,,,,56,56,56,,,,,,,,,,,,,,,,,,,,,,,,,57,57,57,56,56,57,,,,,,,56,56,57,,,,,,,,,
,,,57,57,56,,,,56,57,57,,,,,,,,,,57,56,56,,,,57,56,56,57,56,57,56,57,57,,,,56,57,57,56,56,56,56,56,56,,,,,,,,,,,,,,,,,,,,,,56,56,57,,,,57,57,57,57,57,57,,,,,,,,,,,,,,,,,,,,,,57,57,57,,,,56,57,56,,,,,,,,,,,,,,,,56,56,57,,,,,,
56,56,56,,,,,,,,,,,,,,,,,,,,,,,,,56,56,57,,,,,,,,,,56,56,57,,,,,,,,,,,,,56,57,57,,,,,,,56,57,57,57,57,56,56,56,57,,,,56,56,56,,,,56,57,57,,,,,,,,,,56,56,57,,,,,,,56,57,57,56,56,57,,,,57,56,56,,,,,,,,,,,,,56,56,57,56,57,57,,,
56,56,56,,,,56,56,56,56,56,57,,,,,,,,,,,,,,,,,,,56,57,57,,,,56,57,57,56,56,56,56,56,56,56,56,57,,,,,,,,,,,,,,,,56,56,57,,,,,,,,,,,,,,,,,,,,,,,,,,,,,,,56,56,57,56,57,57,,,,56,56,57,,,,56,56,56,,,,,,,,,,,,,,,,56,56,57,56,56,56
,,,,,,,,,,,,,,,56,56,56,56,57,57,56,56,56,56,57,57,,,,,,,,,,57,56,57,,,,56,56,56,,,,56,56,57,56,56,56,,,,,,,,,,,,,,,,56,56,57,,,,,,,57,56,56,,,,,,,,,,,,,,,,,,,56,56,57,56,56,57,56,56,57,,,,,,,,,,56,56,57,,,,,,,,,,56,56,57,,,
,,,56,56,57,,,,,,,56,57,57,56,57,57,56,57,57,,,,,,,,,,,,,,,,56,57,57,,,,,,,,,,,,,,,,,,,,,,,,,,,,56,56,56,56,56,57,,,,56,57,57,57,57,57,,,,,,,,,,56,56,56,,,,56,57,56,,,,,,,,,,56,56,57,,,,56,56,57,56,56,57,,,,,,,,,,,,,56,57,57
,,,,,,,,,,,,,,,56,56,57,56,56,57,,,,,,,56,56,57,56,56,57,,,,,,,56,57,57,,,,,,,,,,,,,,,,,,,56,56,56,,,,,,,56,56,57,,,,,,,57,56,56,56,56,57,56,56,56,,,,,,,,,,56,57,57,,,,,,,,,,56,56,57,,,,,,,,,,57,57,57,56,57,57,,,,,,,56,56,56
,,,,,,56,56,56,,,,,,,56,57,56,,,,,,,56,56,56,,,,,,,,,,57,56,56,,,,,,,,,,,,,,,,,,,,,,56,56,56,56,56,56,,,,,,,57,56,56,,,,,,,56,56,56,,,,56,57,57,,,,56,56,57,,,,56,56,57,,,,56,56,57,,,,57,57,57,,,,,,,,,,,,,,,,56,57,57,57,56,56
,,,56,57,57,,,,56,56,57,56,56,57,,,,,,,57,56,56,,,,,,,56,57,57,,,,,,,56,56,56,56,56,57,56,57,57,57,57,57,,,,,,,56,57,57,56,56,57,,,,,,,,,,,,,,,,56,57,56,,,,,,,,,,,,,,,,,,,,,,,,,,,,,,,,,,,,,,,,56,57,57,56,57,57,,,,56,56,57,,,
56,56,56,,,,,,,,,,57,57,57,,,,,,,,,,,,,,,,56,56,57,,,,57,57,57,,,,56,56,56,56,57,57,,,,,,,,,,,,,56,56,56,56,56,57,,,,56,56,57,,,,,,,57,57,57,56,56,57,,,,,,,,,,,,,,,,56,56,57,56,56,57,,,,,,,56,56,56,,,,,,,,,,56,56,57,,,,,,,,,
,,,,,,,,,,,,56,57,57,,,,,,,56,56,56,,,,,,,56,57,57,,,,,,,56,56,56,56,56,56,,,,57,57,57,56,56,56,56,56,57,,,,,,,,,,56,56,56,,,,,,,,,,57,57,56,56,57,57,,,,56,57,57,,,,,,,,,,,,,56,56,57,,,,,,,,,,56,56,57,,,,,,,56,56,57,,,,,,,,,
56,56,56,,,,,,,,,,,,,56,56,56,57,56,57,,,,,,,,,,,,,56,56,56,57,57,56,,,,,,,,,,,,,,,,56,56,57,56,56,57,,,,,,,57,56,56,,,,,,,56,56,56,56,56,56,,,,,,,,,,57,56,56,56,56,57,,,,,,,56,56,57,,,,,,,,,,56,56,57,,,,,,,,,,56,56,57,,,,,,
,,,,,,,,,56,56,56,,,,,,,,,,,,,56,56,57,,,,56,57,57,,,,,,,,,,56,56,56,,,,,,,,,,56,57,57,56,57,57,56,56,57,,,,,,,56,56,57,,,,56,56,57,56,57,57,,,,,,,56,57,57,,,,56,57,57,,,,,,,,,,,,,,,,,,,,,,,,,56,57,57,56,56,57,,,,,,,56,56,57
,,,,,,,,,56,57,57,,,,,,,,,,,,,56,57,57,,,,,,,56,56,56,56,56,57,,,,,,,,,,,,,,,,,,,,,,56,56,57,,,,,,,56,56,57,57,56,57,,,,,,,,,,56,56,56,,,,,,,56,56,57,56,57,57,,,,,,,56,56,57,,,,56,57,57,,,,,,,56,57,57,,,,,,,56,57,57,56,57,57
,,,,,,56,56,57,,,,,,,,,,56,57,57,,,,,,,56,56,57,56,57,57,,,,,,,,,,,,,56,57,57,,,,56,57,56,,,,56,56,57,,,,56,56,57,,,,,,,56,56,56,,,,,,,,,,56,56,56,,,,56,57,57,,,,56,57,57,,,,,,,,,,,,,57,57,56,,,,,,,57,56,57,57,56,56,,,,,,,,,
,,,,,,56,57,57,,,,,,,,,,,,,56,56,57,,,,,,,,,,,,,57,56,57,,,,56,56,57,56,57,57,,,,56,56,57,56,56,57,,,,,,,,,,,,,,,,57,56,56,,,,,,,,,,,,,56,57,57,56,56,56,56,57,57,,,,,,,56,57,57,,,,,,,56,56,57,56,57,57,,,,,,,,,,,,,56,57,57,,,
,,,56,56,57,56,57,56,,,,,,,57,56,56,,,,,,,,,,,,,56,57,57,,,,56,56,56,,,,,,,56,56,57,,,,,,,56,56,57,56,56,56,,,,,,,57,57,56,,,,,,,57,56,56,,,,,,,,,,,,,,,,,,,56,56,56,56,56,57,57,56,56,56,57,56,,,,56,56,57,,,,,,,,,,,,,,,,,,,,,
56,56,57,,,,,,,,,,,,,,,,56,57,56,,,,,,,,,,,,,,,,,,,56,56,57,,,,,,,,,,56,56,57,56,56,57,,,,,,,56,56,56,,,,,,,,,,,,,57,56,56,,,,56,56,56,56,56,57,,,,,,,,,,56,56,57,56,56,57,,,,56,56,56,,,,,,,,,,56,57,57,,,,,,,56,56,57,56,56,56
56,56,57,56,57,57,,,,,,,,,,56,56,56,,,,,,,,,,,,,56,57,57,56,57,57,,,,,,,,,,,,,57,56,57,,,,,,,,,,,,,,,,,,,56,57,57,,,,57,56,56,57,56,56,56,56,57,,,,,,,,,,,,,,,,,,,,,,,,,56,56,57,56,56,57,56,57,57,56,56,57,,,,,,,,,,,,,56,56,56
,,,,,,56,57,57,,,,56,56,57,56,56,56,,,,57,56,56,,,,,,,,,,,,,,,,,,,,,,,,,,,,56,57,57,,,,,,,56,56,56,,,,,,,56,56,57,,,,,,,,,,57,56,57,,,,,,,,,,56,56,57,,,,,,,56,56,57,56,56,57,,,,57,56,57,57,57,57,56,57,57,,,,,,,,,,,,,56,56,57
,,,,,,,,,,,,,,,57,56,56,56,57,57,,,,,,,,,,,,,,,,,,,,,,,,,,,,56,56,57,,,,56,56,57,,,,56,56,57,56,56,57,57,56,57,,,,56,56,56,56,56,56,57,57,57,,,,,,,,,,,,,56,56,57,56,57,57,,,,,,,,,,,,,,,,,,,56,56,57,,,,56,57,57,,,,,,,57,56,56
56,57,57,,,,,,,57,56,56,,,,,,,56,56,56,,,,57,57,57,,,,56,56,57,,,,56,56,57,,,,,,,56,57,57,57,56,57,,,,,,,56,57,57,,,,56,56,57,,,,,,,57,57,56,57,57,57,,,,,,,,,,,,,,,,,,,,,,56,56,57,,,,,,,,,,,,,,,,,,,57,57,57,56,57,57,,,,,,,,,
56,56,57,,,,,,,,,,56,57,57,,,,,,,56,56,56,,,,,,,56,56,56,,,,,,,,,,,,,,,,57,56,57,,,,,,,,,,,,,,,,56,56,56,,,,,,,,,,,,,56,57,57,,,,,,,,,,56,56,56,,,,56,56,57,,,,,,,56,56,56,,,,56,56,57,56,56,57,,,,56,57,57,56,56,57,57,56,56,,,
,,,56,57,57,56,56,57,,,,,,,56,56,57,56,57,57,,,,,,,,,,56,57,57,,,,,,,56,56,57,,,,,,,56,57,57,,,,,,,56,56,57,,,,,,,,,,,,,57,56,56,,,,,,,,,,56,56,57,,,,,,,56,56,57,56,56,57,56,57,57,,,,,,,,,,,,,56,56,57,,,,56,57,57,,,,,,,,,,,,
56,56,56,,,,,,,,,,,,,56,56,56,,,,56,56,56,,,,,,,,,,,,,,,,56,56,56,56,56,56,56,56,57,,,,56,56,56,56,56,57,57,56,57,,,,,,,,,,,,,,,,56,56,56,57,56,57,56,56,57,56,56,56,,,,,,,,,,,,,,,,,,,,,,56,56,57,,,,,,,,,,,,,,,,,,,56,56,56,,,
,,,,,,,,,,,,56,57,57,,,,,,,56,56,56,57,57,57,,,,,,,,,,56,56,56,,,,56,56,56,,,,57,56,56,56,56,57,,,,,,,,,,57,56,56,,,,,,,,,,,,,,,,56,56,57,,,,,,,,,,,,,57,57,57,,,,56,56,56,,,,,,,,,,,,,56,56,56,56,57,57,,,,56,56,57,56,56,57,,,
56,56,56,,,,,,,,,,,,,,,,,,,,,,,,,,,,,,,56,56,56,57,56,56,56,56,57,56,56,56,,,,56,56,57,,,,,,,,,,56,56,56,,,,,,,,,,56,56,56,57,56,56,,,,,,,,,,,,,56,56,56,56,56,56,56,56,57,56,56,57,,,,,,,,,,,,,56,56,57,57,56,56,,,,,,,,,,,,,,,
,,,,,,,,,,,,,,,,,,,,,56,56,56,,,,56,56,57,,,,,,,,,,,,,,,,57,57,57,,,,56,56,57,56,56,57,,,,,,,,,,56,56,56,56,56,57,,,,,,,57,57,56,,,,56,56,56,56,56,57,,,,,,,,,,,,,56,56,56,56,56,57,56,56,57,57,56,56,,,,,,,,,,,,,57,56,57,,,,,,
,,,56,57,57,56,56,56,56,56,57,56,57,57,56,56,56,56,56,57,,,,57,57,57,,,,56,56,57,,,,,,,,,,,,,,,,,,,,,,,,,56,56,57,,,,56,57,56,,,,,,,,,,,,,,,,56,56,57,,,,,,,,,,,,,,,,,,,,,,,,,,,,,,,,,,,,,56,57,57,56,56,57,,,,56,56,57,56,56,56
56,56,56,,,,,,,56,56,56,,,,,,,,,,56,56,56,56,56,57,,,,,,,56,56,56,,,,,,,,,,56,56,57,,,,56,56,57,,,,,,,56,56,56,56,56,57,56,56,56,,,,,,,56,56,56,57,57,57,,,,,,,56,57,57,,,,,,,,,,,,,56,57,57,,,,,,,,,,,,,56,56,57,,,,,,,,,,,,,,,
,,,,,,,,,,,,,,,57,57,57,,,,,,,,,,56,57,57,,,,,,,,,,,,,56,57,56,56,57,57,56,57,57,,,,,,,,,,,,,,,,,,,56,56,56,,,,,,,57,57,56,,,,57,57,56,,,,56,57,56,,,,,,,,,,56,56,57,57,56,57,57,56,56,,,,,,,,,,56,57,57,56,56,56,56,56,57,,,,,,
,,,56,57,57,56,56,57,,,,56,57,57,56,56,56,,,,,,,,,,56,56,57,,,,56,56,56,,,,,,,,,,56,56,57,56,57,56,,,,,,,,,,,,,,,,,,,,,,,,,,,,,,,56,57,57,,,,,,,56,56,56,,,,,,,56,56,57,56,56,56,56,56,57,,,,56,57,57,,,,56,57,57,,,,,,,,,,,,,,,
,,,,,,,,,,,,,,,,,,,,,56,56,56,,,,,,,,,,,,,56,56,57,,,,,,,,,,,,,56,56,57,,,,,,,,,,56,56,57,,,,56,56,57,57,56,56,,,,57,56,56,56,56,57,56,56,56,,,,56,56,57,,,,,,,,,,,,,56,56,57,,,,56,56,57,56,57,57,,,,56,57,57,,,,,,,56,56,57,,,
,,,56,57,57,,,,,,,,,,,,,,,,,,,,,,56,56,56,,,,56,56,56,,,,56,57,57,56,57,56,,,,,,,,,,56,57,57,,,,,,,,,,56,56,56,,,,,,,,,,56,57,56,,,,56,56,57,57,57,57,56,56,56,,,,56,57,57,,,,,,,,,,57,56,57,,,,,,,,,,,,,,,,56,57,57,56,57,57,,,
57,57,56,,,,,,,57,56,57,,,,,,,57,57,56,57,56,57,,,,56,57,56,,,,,,,,,,57,56,57,,,,,,,,,,,,,,,,,,,,,,,,,,,,56,56,56,,,,,,,57,57,57,57,57,56,56,56,57,56,56,57,,,,57,56,56,,,,,,,,,,,,,,,,,,,57,57,57,,,,,,,,,,56,56,56,,,,57,56,56
,,,,,,,,,56,56,56,57,56,56,,,,56,56,57,,,,,,,56,56,57,,,,56,56,56,57,56,57,,,,,,,,,,,,,,,,56,56,57,,,,56,56,56,56,56,57,,,,,,,57,57,56,57,56,56,,,,,,,56,56,56,,,,,,,56,56,56,,,,,,,,,,,,,,,,56,57,56,,,,56,56,57,,,,,,,,,,,,,,,
56,57,57,56,56,57,,,,56,56,56,56,56,57,,,,,,,,,,56,57,56,,,,,,,57,56,57,,,,,,,,,,,,,57,57,57,,,,,,,56,56,57,,,,56,57,56,57,56,57,,,,,,,57,56,56,,,,,,,,,,,,,,,,,,,,,,56,56,57,,,,56,56,57,,,,,,,,,,56,56,57,,,,,,,56,57,56,,,,,,
56,56,56,,,,56,56,56,,,,,,,56,56,56,,,,,,,56,56,57,,,,,,,,,,56,56,57,,,,56,56,56,,,,,,,,,,,,,56,56,57,,,,56,56,57,,,,,,,,,,,,,,,,56,56,57,,,,,,,56,56,56,56,56,57,,,,,,,56,56,56,56,56,57,56,56,57,,,,,,,56,56,57,,,,,,,,,,,,,,,
56,56,56,56,57,57,,,,56,56,57,56,57,57,,,,56,57,57,56,56,56,,,,,,,,,,56,56,56,,,,,,,,,,,,,,,,,,,,,,56,57,57,,,,,,,,,,,,,,,,,,,57,57,57,56,57,57,,,,,,,56,56,56,56,56,57,,,,,,,,,,,,,,,,,,,,,,,,,56,57,57,,,,56,56,57,56,56,57,,,
56,56,56,,,,56,57,57,,,,56,57,57,,,,,,,,,,,,,,,,56,57,57,,,,,,,,,,,,,,,,,,,,,,56,56,57,,,,56,56,56,,,,,,,56,57,57,,,,,,,,,,,,,56,56,56,56,57,57,,,,56,56,57,56,57,57,,,,,,,,,,56,56,56,56,56,56,56,56,57,,,,56,56,56,,,,,,,,,,,,
,,,56,57,57,,,,57,56,57,,,,,,,56,57,57,,,,57,56,57,56,56,56,,,,,,,56,56,56,,,,,,,,,,57,56,57,,,,,,,,,,,,,,,,56,56,56,,,,,,,56,56,56,57,56,56,56,56,57,,,,,,,,,,,,,,,,56,56,57,56,56,56,56,56,57,,,,,,,,,,56,56,56,,,,,,,,,,,,,,,
,,,56,56,57,,,,56,56,57,56,57,57,,,,,,,56,56,56,,,,,,,,,,56,56,56,56,56,57,56,56,57,,,,,,,,,,,,,56,56,57,56,56,57,56,56,56,56,56,57,,,,,,,,,,56,56,56,,,,,,,,,,,,,,,,,,,,,,,,,57,57,56,,,,,,,,,,,,,56,56,57,,,,,,,56,56,57,,,,,,
,,,,,,,,,,,,,,,56,56,56,,,,57,56,56,,,,,,,,,,56,56,56,,,,56,56,57,56,56,57,57,56,56,,,,56,56,57,,,,56,56,57,,,,57,57,57,,,,,,,56,56,57,,,,,,,,,,,,,,,,56,56,57,,,,,,,,,,,,,,,,,,,,,,,,,,,,,,,56,56,57,56,57,56,56,56,57,56,56,56
56,56,57,56,57,57,56,56,57,,,,,,,56,56,56,,,,56,56,57,,,,,,,56,56,57,,,,,,,,,,,,,,,,57,56,57,56,56,57,,,,,,,,,,,,,57,56,57,56,56,57,,,,,,,56,57,56,56,57,57,,,,,,,,,,,,,56,56,57,,,,56,57,57,,,,,,,,,,,,,,,,,,,,,,,,,56,56,57,,,
,,,56,57,57,,,,,,,,,,,,,,,,56,56,56,,,,,,,,,,,,,,,,56,56,57,56,56,57,56,57,57,56,57,56,56,56,56,,,,56,56,57,,,,,,,,,,,,,,,,,,,,,,,,,,,,56,57,57,,,,,,,56,56,57,56,57,57,,,,,,,56,56,56,,,,56,56,57,,,,,,,56,57,57,,,,56,57,56,,,
,,,56,57,57,,,,57,56,57,56,57,56,,,,,,,,,,,,,,,,,,,,,,56,56,56,,,,,,,57,57,57,,,,,,,56,56,56,,,,,,,,,,56,57,57,,,,,,,57,57,56,,,,57,56,57,,,,,,,,,,,,,57,56,57,,,,,,,56,56,56,,,,,,,56,57,57,,,,56,56,57,,,,,,,56,56,56,56,57,56
57,56,57,,,,,,,,,,,,,,,,,,,,,,,,,,,,,,,57,56,57,,,,56,56,56,,,,56,57,56,56,56,57,57,57,57,,,,,,,,,,57,57,57,,,,,,,56,56,56,57,57,57,,,,56,56,56,,,,,,,,,,56,57,56,,,,,,,56,57,56,57,56,57,56,56,56,,,,56,56,57,,,,,,,,,,,,,,,,,,
,,,,,,,,,,,,56,56,56,,,,,,,,,,,,,56,56,57,,,,,,,57,57,57,,,,56,56,56,,,,,,,,,,56,56,57,,,,,,,,,,,,,56,56,57,,,,,,,,,,56,56,57,,,,,,,56,56,57,,,,,,,,,,,,,56,56,57,56,56,57,56,57,57,,,,,,,,,,56,56,57,56,56,57,56,56,56,56,56,56
,,,56,57,56,,,,57,57,57,,,,,,,,,,56,57,57,,,,,,,,,,,,,,,,,,,57,57,57,,,,,,,,,,,,,57,57,56,,,,,,,57,56,56,56,57,57,56,57,56,57,56,57,,,,57,56,56,,,,,,,57,56,57,56,57,57,,,,57,56,57,57,56,56,,,,,,,,,,,,,,,,,,,57,57,57,,,,,,,,,
,,,,,,,,,,,,56,56,57,,,,,,,,,,,,,56,56,57,57,56,56,,,,,,,57,57,56,,,,,,,57,56,57,56,57,57,,,,,,,,,,,,,57,56,56,,,,,,,,,,57,57,56,56,56,57,57,56,56,57,57,56,,,,56,57,56,,,,,,,56,56,57,,,,,,,56,57,57,,,,,,,,,,,,,,,,,,,56,56,56
,,,,,,56,56,57,,,,,,,56,56,56,57,57,56,57,56,56,56,57,57,,,,,,,56,56,56,57,56,56,,,,56,56,56,57,57,56,,,,,,,57,57,57,,,,,,,,,,,,,,,,57,57,56,,,,,,,,,,,,,,,,56,56,57,,,,,,,,,,,,,56,56,57,,,,,,,56,57,57,56,56,56,,,,,,,,,,,,,,,
,,,,,,56,57,57,,,,56,57,57,,,,56,57,57,,,,,,,56,56,56,,,,,,,,,,,,,,,,,,,,,,,,,,,,,,,56,56,57,56,57,57,56,56,57,56,56,57,,,,,,,,,,,,,,,,56,57,57,56,57,57,56,56,57,57,56,56,,,,,,,,,,,,,,,,,,,,,,,,,,,,56,56,57,56,57,57,56,57,57
56,56,56,,,,,,,,,,,,,,,,,,,,,,56,57,57,,,,,,,,,,,,,,,,56,56,56,56,56,57,56,56,56,56,56,56,,,,,,,,,,,,,56,56,56,56,56,56,57,57,56,,,,,,,56,56,56,,,,56,56,57,,,,,,,56,57,57,56,56,57,,,,,,,,,,57,56,56,,,,,,,,,,,,,,,,,,,56,56,57
56,57,56,56,56,56,,,,,,,56,56,57,56,57,57,,,,57,56,56,,,,56,57,57,56,57,57,,,,,,,,,,,,,,,,57,56,57,,,,,,,,,,56,56,57,,,,57,56,56,,,,,,,,,,,,,,,,,,,,,,,,,,,,56,56,57,,,,,,,,,,,,,57,56,57,,,,,,,56,56,57,,,,57,57,57,,,,57,57,57
,,,,,,,,,,,,,,,,,,56,57,57,,,,,,,,,,,,,,,,56,56,56,,,,,,,,,,56,56,56,56,56,56,,,,56,56,57,56,56,57,,,,,,,,,,,,,,,,56,57,57,56,57,56,,,,56,56,57,56,56,56,,,,,,,56,56,57,,,,,,,56,56,56,56,56,56,,,,,,,,,,56,56,56,56,56,57,,,,,,
,,,,,,,,,,,,,,,56,56,56,,,,57,56,56,,,,,,,,,,56,56,56,,,,,,,,,,,,,57,57,57,,,,56,56,57,,,,56,56,57,,,,56,56,56,,,,,,,57,56,57,,,,56,56,57,,,,56,57,56,,,,,,,,,,,,,,,,,,,56,56,57,,,,56,57,57,56,57,57,,,,,,,56,56,57,,,,56,56,57
56,56,56,,,,56,57,57,,,,56,56,56,,,,57,56,56,,,,56,56,56,,,,56,56,56,,,,57,56,56,,,,,,,,,,,,,,,,56,56,57,,,,,,,,,,,,,,,,56,56,57,57,56,56,56,57,56,57,56,56,57,56,56,,,,,,,,,,,,,,,,,,,,,,,,,56,56,56,,,,57,56,56,,,,,,,,,,,,,,,
,,,56,56,57,57,57,56,,,,56,57,57,56,56,56,,,,,,,56,57,57,56,56,57,,,,,,,,,,57,56,57,,,,,,,,,,,,,56,56,57,56,56,57,,,,,,,57,56,56,,,,,,,,,,,,,,,,,,,56,56,57,,,,56,56,57,,,,56,56,57,56,56,57,,,,,,,,,,,,,56,56,57,,,,,,,,,,,,,,,
,,,,,,56,56,57,,,,,,,,,,,,,,,,57,56,57,,,,,,,,,,56,56,57,56,56,57,,,,,,,,,,56,56,57,,,,56,56,57,,,,56,56,57,56,56,57,,,,57,57,56,57,56,56,,,,,,,,,,56,56,57,56,57,57,,,,,,,,,,,,,56,56,57,,,,,,,,,,,,,,,,,,,56,56,56,56,57,57,,,
56,56,57,,,,56,56,56,,,,,,,57,56,57,56,56,57,56,56,56,,,,,,,56,57,57,,,,,,,56,56,57,,,,,,,,,,56,56,56,,,,,,,,,,,,,,,,56,56,56,,,,,,,,,,,,,57,56,56,,,,,,,56,56,57,,,,,,,,,,,,,56,56,56,57,57,57,,,,,,,,,,56,56,57,56,56,56,,,,,,
,,,,,,,,,,,,,,,56,56,56,,,,57,56,56,56,57,57,56,56,57,,,,,,,56,56,56,,,,56,56,56,,,,,,,,,,,,,,,,56,56,57,,,,,,,56,56,57,,,,,,,57,57,57,,,,,,,,,,56,56,56,,,,,,,,,,,,,,,,,,,,,,,,,56,56,57,,,,56,56,57,56,56,57,56,56,57,56,56,56
56,56,56,56,57,57,,,,56,56,57,,,,,,,,,,,,,,,,,,,,,,,,,,,,,,,,,,,,,,,,,,,,,,56,57,57,56,57,57,56,57,57,,,,56,56,56,,,,56,56,57,,,,,,,,,,,,,,,,,,,56,56,57,56,56,57,,,,,,,56,56,57,,,,,,,,,,56,57,57,56,57,57,56,56,57,56,56,57,,,
,,,,,,,,,56,56,57,,,,57,56,56,,,,,,,,,,56,56,57,,,,56,56,56,,,,,,,,,,,,,,,,,,,,,,,,,56,56,56,56,56,57,56,56,56,56,56,57,,,,,,,,,,,,,,,,,,,56,56,56,56,57,57,,,,,,,56,56,57,56,56,56,,,,,,,,,,,,,56,57,57,,,,56,56,57,,,,56,57,57
,,,,,,,,,,,,,,,,,,,,,,,,56,57,57,,,,,,,,,,,,,57,56,56,56,56,56,56,56,56,,,,,,,,,,56,56,57,,,,,,,,,,,,,,,,,,,,,,,,,,,,56,57,57,56,57,57,,,,,,,56,57,57,,,,57,56,57,56,56,57,,,,56,57,57,,,,56,56,56,56,56,57,57,56,56,,,,56,56,57
56,56,56,56,56,57,,,,56,56,57,,,,,,,,,,,,,56,57,56,,,,56,56,57,,,,,,,,,,,,,56,57,57,,,,,,,,,,,,,,,,,,,,,,56,56,57,,,,,,,,,,,,,56,56,57,,,,,,,,,,,,,56,56,57,56,56,57,,,,56,56,56,57,56,56,56,56,57,,,,56,57,57,,,,56,56,57,,,,,,
,,,,,,56,56,57,56,56,57,,,,,,,57,57,57,56,56,56,56,57,57,,,,,,,,,,56,56,56,,,,,,,,,,,,,56,57,56,,,,,,,,,,56,57,57,,,,,,,,,,56,56,56,,,,,,,,,,,,,56,56,57,56,56,57,,,,,,,,,,,,,,,,57,57,56,,,,57,57,57,,,,56,56,57,,,,,,,57,56,56
56,57,56,,,,,,,56,56,57,,,,57,57,57,57,56,57,,,,,,,,,,,,,,,,,,,,,,56,57,57,,,,,,,,,,,,,56,57,56,,,,57,57,57,,,,,,,57,57,56,,,,,,,,,,,,,,,,,,,56,57,56,57,56,57,57,56,57,57,56,56,57,57,56,,,,,,,56,56,56,,,,,,,56,57,57,,,,,,,,,
56,57,56,56,57,56,,,,,,,,,,,,,56,57,57,57,56,56,,,,,,,,,,56,56,56,,,,,,,,,,,,,,,,,,,,,,56,56,57,,,,,,,57,56,56,,,,,,,,,,,,,,,,,,,56,57,57,,,,56,56,56,57,56,57,,,,,,,,,,,,,,,,56,57,57,57,56,57,57,56,57,56,57,56,,,,57,56,57,,,
56,56,56,56,56,57,,,,,,,56,56,57,,,,,,,,,,,,,,,,,,,,,,,,,56,56,57,,,,57,56,56,,,,,,,,,,,,,56,56,56,,,,,,,,,,57,57,56,,,,,,,56,56,57,,,,,,,,,,,,,56,56,57,56,56,57,56,57,57,56,56,57,56,56,56,,,,56,56,57,,,,,,,,,,56,56,57,,,,,,
,,,56,57,57,,,,56,56,56,56,56,57,56,56,56,,,,,,,,,,56,57,57,56,57,57,56,56,56,,,,,,,,,,,,,,,,,,,,,,,,,,,,,,,,,,,,,,,,,,,,,,,,,56,56,57,,,,,,,,,,56,57,57,56,56,57,56,56,57,,,,56,56,57,57,56,56,56,57,57,,,,,,,56,56,57,,,,,,,,,
,,,56,57,57,57,57,57,56,56,57,56,56,57,,,,57,57,57,,,,,,,,,,56,56,56,,,,,,,,,,,,,,,,,,,,,,56,56,57,56,57,57,,,,,,,57,57,57,,,,,,,,,,,,,,,,56,56,57,56,57,57,,,,,,,56,56,57,56,56,57,,,,,,,,,,56,56,57,,,,,,,56,57,57,,,,,,,,,,,,
,,,,,,56,56,57,,,,57,56,57,,,,,,,,,,56,57,57,56,56,57,56,56,57,56,56,56,,,,56,56,57,,,,,,,,,,,,,,,,,,,,,,,,,,,,56,56,57,,,,56,56,56,57,57,57,56,57,57,56,56,56,,,,,,,,,,,,,,,,,,,,,,,,,,,,,,,,,,,,,,,,56,56,57,56,56,56,56,56,56
,,,56,57,57,,,,,,,,,,,,,,,,56,57,56,,,,,,,,,,,,,56,56,57,,,,,,,56,57,56,57,57,56,56,57,57,56,56,57,,,,56,57,56,,,,57,57,56,,,,,,,,,,,,,,,,,,,56,57,57,57,56,57,,,,,,,,,,,,,,,,56,56,57,56,56,56,,,,57,56,56,57,57,57,,,,,,,,,,,,
,,,,,,,,,,,,56,57,57,,,,,,,,,,,,,,,,56,56,57,,,,56,56,57,56,56,57,,,,56,56,57,,,,,,,56,56,57,,,,,,,56,56,57,,,,,,,,,,,,,56,57,57,,,,56,57,57,56,57,57,,,,,,,,,,,,,,,,,,,,,,57,57,57,,,,56,56,57,56,57,57,,,,,,,56,56,57,56,56,56
,,,,,,57,57,56,56,56,56,,,,56,56,56,,,,,,,56,57,57,57,56,57,,,,,,,57,56,56,,,,,,,,,,,,,56,56,57,56,56,57,,,,56,56,56,56,56,56,,,,,,,56,56,56,56,56,56,,,,,,,,,,,,,,,,,,,,,,,,,,,,56,56,57,,,,56,56,56,,,,,,,,,,,,,,,,,,,56,56,57
56,56,56,,,,56,56,57,,,,,,,,,,56,56,57,,,,,,,,,,56,56,57,56,56,56,56,56,56,,,,,,,,,,,,,,,,56,56,57,,,,56,56,56,,,,,,,56,56,57,56,56,56,,,,,,,,,,56,56,56,,,,,,,,,,,,,,,,,,,,,,,,,56,56,56,,,,,,,,,,56,56,57,,,,57,57,57,56,56,57
,,,56,56,57,,,,,,,,,,56,57,56,,,,,,,,,,,,,,,,56,56,57,56,56,56,56,57,57,56,56,57,,,,,,,,,,56,56,57,,,,,,,,,,56,56,57,,,,,,,56,57,56,,,,,,,56,56,57,,,,,,,,,,,,,,,,56,56,57,,,,,,,,,,56,56,57,56,56,57,,,,56,56,57,,,,,,,56,56,57
,,,56,57,57,,,,56,56,57,,,,,,,,,,,,,56,57,57,,,,,,,56,56,56,57,57,56,,,,56,56,57,,,,,,,56,56,56,,,,,,,,,,56,56,57,,,,,,,,,,,,,,,,,,,,,,56,57,57,,,,57,56,57,,,,56,56,57,,,,,,,56,56,56,,,,56,57,57,,,,,,,,,,,,,56,56,56,56,56,56
,,,56,57,57,,,,,,,56,57,57,,,,,,,,,,,,,,,,56,56,56,,,,,,,56,56,57,56,56,56,,,,,,,,,,,,,56,56,57,,,,,,,,,,56,56,56,,,,,,,57,57,56,56,56,57,,,,,,,56,56,56,56,56,57,56,57,57,,,,,,,56,56,57,56,56,56,,,,,,,,,,,,,,,,,,,56,56,56,,,
,,,,,,56,57,56,56,56,57,,,,,,,,,,56,56,57,,,,56,57,57,57,56,56,,,,,,,,,,,,,,,,56,56,57,,,,56,56,57,,,,,,,,,,57,56,56,56,56,56,,,,,,,57,56,57,,,,57,56,56,,,,,,,,,,,,,,,,,,,,,,,,,56,57,57,,,,56,56,56,,,,,,,56,57,56,,,,57,57,57
,,,,,,,,,,,,,,,,,,56,56,57,,,,56,57,57,,,,,,,56,56,56,56,56,57,56,56,57,,,,,,,,,,56,56,57,56,57,57,,,,,,,,,,,,,,,,56,56,57,56,56,56,56,57,57,,,,,,,56,57,57,,,,56,56,57,,,,56,56,57,,,,,,,,,,,,,,,,56,56,57,56,57,57,,,,,,,,,,,,
,,,,,,,,,56,56,57,56,56,57,,,,,,,,,,,,,56,56,57,56,56,57,,,,,,,56,56,57,,,,,,,,,,,,,,,,,,,,,,56,56,56,56,56,56,56,56,57,56,56,57,,,,,,,,,,56,56,57,56,57,57,,,,,,,56,56,57,56,56,57,,,,56,56,57,,,,,,,,,,,,,,,,,,,56,56,57,,,,,,
,,,56,56,57,,,,,,,,,,,,,,,,,,,56,57,57,56,56,57,,,,,,,,,,,,,56,56,57,56,56,57,56,57,57,,,,,,,,,,,,,,,,56,56,56,,,,,,,56,56,56,57,57,56,56,57,57,,,,,,,56,56,57,,,,56,57,57,56,56,57,,,,,,,,,,,,,,,,,,,56,57,57,,,,56,56,56,,,,,,
,,,,,,57,56,57,,,,56,57,57,,,,,,,,,,56,57,57,56,57,57,56,57,57,,,,,,,,,,,,,56,57,57,,,,,,,,,,56,56,56,56,56,56,,,,,,,56,56,57,,,,,,,,,,56,56,56,,,,,,,,,,,,,,,,56,56,57,,,,56,56,56,56,56,56,56,56,56,,,,,,,,,,,,,56,57,56,,,,,,
56,56,56,56,56,57,,,,,,,56,56,57,,,,56,56,57,56,56,56,57,57,57,,,,56,56,57,,,,,,,,,,56,56,56,,,,56,56,57,,,,,,,,,,,,,,,,57,56,56,,,,,,,,,,57,57,57,,,,,,,,,,56,56,56,,,,,,,,,,,,,56,56,57,,,,56,56,56,,,,,,,,,,,,,,,,56,56,57,,,
56,56,56,,,,,,,,,,,,,56,57,56,57,56,57,,,,,,,,,,,,,56,56,56,,,,56,57,57,56,56,57,57,57,57,,,,,,,,,,56,57,57,56,56,56,56,56,57,,,,,,,,,,56,56,56,,,,,,,,,,,,,,,,56,56,56,,,,,,,56,57,57,,,,,,,,,,56,56,57,,,,56,57,57,,,,,,,,,,,,
,,,57,57,57,56,56,56,57,57,56,57,57,57,57,57,57,,,,,,,57,57,57,,,,,,,56,57,57,57,57,56,56,56,57,,,,56,57,57,,,,57,56,57,,,,,,,,,,,,,,,,,,,,,,,,,56,57,56,56,57,56,,,,,,,,,,,,,,,,,,,,,,,,,,,,,,,,,,,,,,,,56,57,56,57,56,56,,,,,,
,,,,,,57,56,56,,,,,,,,,,,,,,,,57,57,57,,,,,,,,,,,,,,,,,,,56,56,57,57,57,57,56,56,57,56,56,57,,,,,,,56,56,57,,,,,,,56,56,57,56,56,56,,,,,,,56,56,56,,,,,,,,,,,,,,,,56,56,57,,,,,,,,,,,,,56,57,57,,,,57,56,56,56,56,57,,,,56,56,57
,,,56,57,57,56,56,57,,,,57,57,57,56,56,56,,,,,,,56,57,57,56,56,57,,,,,,,,,,,,,,,,,,,,,,,,,,,,57,56,57,56,56,57,,,,,,,,,,,,,,,,57,57,57,,,,,,,56,56,56,,,,56,56,57,,,,,,,,,,56,56,57,56,56,56,,,,,,,56,56,57,,,,,,,,,,56,57,57,,,
,,,,,,56,57,56,56,56,57,56,57,57,56,57,57,,,,,,,57,57,57,,,,,,,56,56,56,56,56,56,,,,56,56,57,56,57,57,,,,,,,,,,57,56,57,,,,,,,,,,,,,56,56,56,56,57,57,,,,,,,,,,56,57,57,,,,56,56,57,56,56,57,,,,,,,,,,,,,,,,,,,,,,,,,,,,,,,,,,,,
,,,56,56,57,,,,,,,57,56,56,,,,,,,,,,56,57,56,,,,,,,,,,56,57,57,,,,,,,,,,,,,56,56,57,,,,,,,,,,,,,,,,,,,57,56,56,,,,,,,56,57,57,,,,56,56,57,57,57,57,,,,56,57,57,56,56,57,,,,56,56,57,56,57,57,,,,,,,,,,,,,56,56,57,,,,56,56,57,,,
,,,,,,,,,,,,,,,,,,56,57,57,,,,,,,56,56,57,,,,,,,,,,,,,,,,56,56,57,56,57,57,,,,56,56,57,56,56,57,,,,,,,56,56,57,56,56,56,,,,,,,57,57,56,56,56,57,,,,,,,56,56,57,,,,56,57,57,,,,56,56,57,56,56,57,,,,,,,,,,,,,56,57,57,,,,,,,,,,,,
,,,,,,,,,,,,,,,,,,,,,57,56,56,,,,,,,,,,56,56,56,56,56,57,,,,,,,56,56,57,56,56,57,56,56,56,,,,,,,,,,,,,,,,56,57,56,,,,56,57,56,,,,56,57,57,,,,,,,,,,,,,56,57,57,56,57,57,56,57,57,,,,,,,,,,,,,,,,57,57,57,56,56,57,,,,,,,56,56,57
56,57,56,,,,,,,56,56,57,,,,56,57,56,,,,,,,,,,56,56,57,56,56,57,,,,,,,56,56,56,56,56,57,,,,,,,,,,,,,,,,,,,,,,57,56,57,,,,,,,57,56,56,56,57,56,,,,,,,,,,56,57,57,,,,,,,,,,,,,56,56,56,57,56,57,56,57,57,,,,56,57,57,,,,,,,,,,,,,,,
,,,,,,56,56,56,,,,,,,57,56,56,,,,,,,,,,,,,,,,,,,56,56,57,56,56,57,,,,,,,,,,,,,56,56,57,56,56,57,56,56,57,,,,,,,56,56,57,56,57,56,57,57,57,,,,56,57,57,,,,56,57,57,,,,,,,56,56,57,,,,,,,,,,56,56,57,,,,,,,,,,,,,56,56,57,,,,,,,,,
,,,56,57,57,,,,,,,,,,,,,,,,,,,57,57,57,56,56,56,56,56,57,56,56,56,,,,,,,56,56,56,,,,,,,,,,,,,56,56,57,56,56,56,56,56,57,57,56,56,,,,,,,,,,,,,,,,,,,,,,,,,,,,,,,56,57,57,57,56,56,,,,,,,,,,,,,56,56,56,,,,,,,56,56,56,56,56,57,,,
,,,,,,,,,,,,57,57,57,,,,,,,56,56,56,,,,,,,,,,56,56,56,57,57,57,,,,,,,,,,57,57,57,,,,56,57,57,,,,,,,57,57,57,56,56,57,,,,,,,,,,,,,,,,,,,,,,,,,,,,56,56,57,,,,,,,56,56,56,56,56,57,57,56,56,,,,57,57,56,,,,56,57,57,,,,,,,56,57,57
56,56,56,,,,57,56,56,,,,56,56,56,56,56,56,,,,57,56,56,,,,,,,56,56,57,,,,,,,56,56,57,,,,,,,,,,,,,,,,,,,56,56,56,,,,,,,,,,57,56,56,56,56,56,,,,,,,56,56,56,,,,,,,,,,,,,,,,,,,,,,,,,56,56,57,,,,56,56,57,,,,56,56,57,56,56,57,,,,,,
,,,,,,,,,,,,56,57,57,57,56,56,56,56,56,56,57,57,,,,,,,,,,,,,57,56,56,57,57,57,,,,,,,,,,57,57,57,57,57,56,,,,,,,57,56,57,57,56,57,,,,,,,,,,,,,,,,,,,57,56,57,,,,,,,,,,56,57,56,,,,,,,56,56,57,,,,56,57,56,,,,,,,57,57,57,,,,,,,,,
57,56,56,56,57,57,,,,,,,56,56,57,,,,,,,,,,,,,,,,,,,,,,,,,,,,,,,,,,56,56,57,,,,56,56,57,56,56,56,,,,,,,56,56,57,,,,56,57,57,,,,,,,56,57,57,,,,,,,56,56,56,56,56,57,,,,,,,,,,56,56,56,56,57,57,,,,,,,56,57,57,,,,,,,,,,56,57,57,,,
56,56,56,,,,,,,,,,,,,,,,56,56,57,56,56,56,,,,56,56,57,,,,,,,,,,,,,,,,,,,,,,56,56,57,,,,56,56,57,,,,56,56,57,,,,56,56,57,,,,56,56,56,,,,56,56,57,,,,,,,56,56,56,,,,,,,,,,,,,56,56,56,56,56,56,,,,56,56,57,,,,,,,,,,,,,,,,56,56,56
56,56,56,,,,56,57,57,,,,,,,,,,,,,,,,,,,56,56,57,,,,,,,,,,,,,,,,56,57,57,57,57,57,,,,,,,56,57,57,,,,,,,,,,,,,,,,,,,57,57,56,,,,56,56,57,,,,57,56,56,56,56,57,,,,,,,56,56,57,,,,,,,,,,,,,56,57,56,57,56,56,,,,56,57,57,,,,57,56,56
57,56,56,56,56,57,56,56,57,,,,57,57,57,57,56,56,,,,,,,,,,,,,,,,,,,,,,56,56,56,,,,57,57,56,,,,,,,,,,,,,57,56,56,,,,,,,,,,,,,,,,,,,,,,,,,,,,57,56,56,,,,56,56,56,56,56,57,,,,56,56,57,,,,57,56,56,,,,,,,,,,56,56,56,,,,56,56,56,,,
57,56,56,56,56,57,,,,,,,,,,,,,,,,,,,,,,,,,,,,56,56,56,,,,57,57,57,,,,56,57,57,,,,56,56,56,,,,,,,56,56,56,56,57,57,,,,,,,56,57,57,56,56,56,,,,,,,57,56,56,,,,56,56,56,,,,56,57,57,56,56,57,,,,,,,,,,56,57,57,,,,,,,,,,,,,,,,,,,,,
,,,,,,56,56,57,,,,,,,57,56,56,,,,,,,,,,,,,,,,,,,,,,56,56,57,,,,,,,,,,56,56,57,,,,,,,56,56,57,56,56,57,,,,,,,,,,,,,,,,56,56,56,,,,,,,,,,56,56,57,56,57,57,56,56,57,,,,56,56,57,56,56,56,57,56,56,,,,,,,56,57,57,,,,,,,,,,56,56,56
56,56,56,,,,,,,56,56,56,,,,,,,56,56,57,,,,,,,,,,56,57,57,,,,,,,56,57,57,56,56,57,,,,,,,,,,56,57,57,,,,,,,56,56,57,57,56,56,,,,57,56,57,,,,,,,,,,56,56,56,,,,56,56,57,,,,,,,,,,,,,,,,,,,56,57,57,56,56,57,,,,,,,,,,56,56,56,,,,,,
56,56,56,,,,,,,56,56,56,,,,,,,,,,56,56,56,,,,,,,56,57,57,,,,,,,,,,,,,56,56,57,,,,,,,,,,,,,,,,,,,56,56,56,,,,56,56,56,,,,57,56,56,56,56,57,,,,56,57,57,57,56,56,,,,,,,,,,56,56,56,,,,56,56,57,,,,56,57,57,,,,,,,,,,,,,,,,57,56,56
56,56,56,,,,57,56,56,,,,,,,,,,,,,56,56,56,56,56,57,56,56,57,,,,,,,,,,,,,,,,,,,,,,,,,56,56,57,56,56,57,56,56,57,56,56,57,,,,,,,,,,,,,,,,,,,,,,,,,57,56,56,,,,,,,,,,,,,56,56,57,56,56,57,,,,,,,,,,,,,,,,56,56,57,56,56,56,56,56,57
,,,,,,,,,56,57,56,,,,56,57,57,57,56,57,,,,,,,56,56,56,57,57,57,,,,57,57,57,,,,,,,,,,56,57,57,,,,56,57,57,56,56,56,,,,,,,,,,,,,,,,,,,56,56,56,56,57,57,,,,,,,,,,56,56,56,,,,,,,,,,56,57,56,,,,,,,56,56,56,57,57,57,,,,,,,,,,,,,,,
,,,56,56,57,56,56,56,56,56,57,,,,56,56,56,57,56,57,,,,,,,,,,,,,,,,,,,56,56,56,,,,56,56,57,,,,56,56,56,,,,,,,,,,,,,,,,56,56,57,56,56,57,56,56,56,,,,56,57,57,,,,,,,,,,,,,,,,,,,57,56,57,,,,,,,,,,,,,,,,,,,,,,56,56,57,56,56,56,,,
,,,,,,56,56,57,56,56,57,,,,56,56,56,,,,,,,,,,,,,,,,,,,,,,,,,,,,,,,57,56,57,,,,56,56,57,,,,,,,56,56,57,,,,56,56,57,,,,56,56,56,,,,56,57,57,56,56,56,,,,,,,,,,56,57,57,56,56,57,,,,56,56,57,56,56,57,,,,56,56,57,,,,,,,,,,,,,,,,,,
,,,,,,56,56,56,,,,,,,57,57,57,,,,,,,,,,,,,57,57,56,,,,57,57,56,,,,56,57,56,,,,,,,56,56,56,57,57,56,,,,,,,57,56,56,,,,,,,,,,,,,57,56,56,,,,,,,57,57,56,57,57,57,,,,57,57,56,,,,,,,,,,,,,56,57,56,,,,,,,,,,56,57,57,,,,,,,57,56,56
56,56,56,,,,,,,56,56,57,,,,56,56,56,56,56,57,56,56,56,,,,56,56,56,,,,56,56,56,57,56,56,,,,,,,,,,,,,,,,,,,,,,56,56,56,,,,56,56,56,,,,,,,,,,,,,,,,,,,56,57,57,,,,,,,,,,56,56,57,,,,,,,,,,56,56,56,56,56,57,,,,56,57,57,,,,,,,,,,,,
,,,,,,,,,,,,,,,56,56,56,,,,,,,,,,,,,,,,56,56,56,56,56,57,,,,56,56,56,56,56,57,,,,56,56,57,,,,,,,,,,,,,,,,56,56,57,,,,,,,56,57,57,,,,56,56,57,56,57,57,,,,,,,,,,56,56,57,56,57,56,,,,,,,,,,56,57,57,,,,56,57,57,56,56,57,,,,,,,,,
57,56,56,,,,,,,,,,,,,,,,56,57,57,56,57,57,,,,,,,,,,,,,,,,,,,,,,,,,57,57,56,56,56,57,56,56,57,,,,,,,,,,,,,56,56,57,,,,,,,57,56,56,,,,56,56,57,,,,56,56,57,,,,,,,,,,,,,56,56,56,,,,56,56,56,56,56,57,,,,56,57,57,56,57,56,,,,,,,,,
,,,56,56,57,56,56,56,,,,,,,56,56,56,56,57,57,56,56,56,56,57,57,,,,,,,,,,,,,,,,56,56,56,,,,,,,,,,,,,,,,56,56,57,,,,,,,56,57,57,,,,,,,57,57,56,,,,56,56,57,,,,,,,,,,,,,,,,56,56,57,,,,,,,,,,,,,,,,56,56,57,56,56,57,,,,,,,57,56,56
,,,,,,,,,,,,56,56,57,,,,56,57,57,56,56,56,56,56,57,,,,,,,56,56,56,,,,,,,,,,56,56,57,56,56,56,,,,,,,,,,56,56,56,,,,,,,56,56,57,,,,56,56,56,,,,56,56,57,,,,,,,,,,56,56,57,,,,,,,57,56,57,56,56,56,,,,,,,,,,56,56,56,,,,,,,,,,,,,,,
,,,,,,,,,,,,,,,,,,,,,,,,56,57,57,56,57,57,,,,56,56,56,,,,,,,56,56,56,,,,56,56,56,,,,,,,56,56,57,57,57,56,56,56,57,,,,,,,56,56,56,,,,56,57,57,,,,,,,56,57,57,56,56,56,,,,,,,56,56,57,56,56,57,,,,,,,,,,,,,56,56,57,,,,,,,,,,,,,,,
,,,,,,56,57,56,,,,,,,,,,56,56,56,56,56,56,,,,,,,,,,,,,,,,,,,,,,,,,,,,56,56,56,56,56,57,,,,,,,,,,,,,56,56,57,,,,,,,,,,56,57,57,57,56,56,56,57,57,,,,56,57,57,,,,56,56,57,56,56,56,,,,,,,,,,,,,,,,56,57,57,,,,,,,56,56,57,56,56,57
,,,56,57,57,,,,56,56,57,,,,,,,,,,,,,56,57,57,,,,57,57,57,56,57,56,,,,,,,56,56,57,,,,,,,,,,,,,,,,56,56,56,,,,,,,57,56,57,56,56,57,57,57,56,,,,56,57,57,,,,,,,,,,,,,57,56,57,,,,,,,57,56,57,,,,56,56,57,,,,,,,,,,,,,,,,57,57,57,,,
56,56,56,56,56,57,,,,56,56,56,,,,,,,,,,,,,,,,56,56,57,,,,,,,,,,57,57,57,,,,,,,,,,,,,,,,56,56,57,,,,,,,57,56,56,,,,56,56,56,,,,,,,,,,56,56,56,,,,,,,,,,,,,56,56,57,,,,,,,56,56,57,,,,56,56,56,,,,57,57,57,,,,56,56,57,56,56,57,,,
,,,,,,,,,56,56,57,,,,,,,56,57,57,,,,,,,,,,56,56,57,,,,,,,56,57,56,56,56,56,,,,57,57,57,,,,,,,,,,56,56,57,,,,56,56,57,,,,,,,56,56,56,,,,,,,56,56,56,56,57,57,,,,56,56,57,56,56,57,56,56,57,,,,,,,,,,56,56,56,,,,,,,,,,,,,,,,,,,,,
,,,,,,,,,,,,,,,,,,56,56,57,56,56,56,,,,56,56,56,56,56,56,,,,,,,,,,,,,,,,,,,,,,,,,,,,,,,56,56,57,,,,56,56,57,56,56,56,56,56,56,,,,,,,,,,,,,,,,,,,56,56,57,,,,56,56,57,,,,,,,56,56,57,56,56,56,56,56,56,56,57,57,,,,,,,,,,56,56,56
56,56,56,56,57,57,,,,56,56,57,,,,,,,,,,,,,,,,56,56,57,,,,,,,,,,56,56,57,,,,,,,,,,,,,,,,56,56,57,,,,,,,56,56,56,,,,57,57,56,,,,,,,,,,57,56,56,,,,,,,,,,,,,56,56,57,,,,,,,56,56,56,,,,56,57,57,,,,57,56,57,,,,56,56,56,56,56,57,,,
,,,,,,,,,56,56,57,,,,,,,,,,,,,57,57,56,56,57,56,,,,,,,,,,,,,56,56,57,,,,57,57,56,,,,56,56,56,,,,,,,,,,,,,,,,,,,57,56,56,57,56,56,56,57,57,56,56,57,56,57,57,,,,56,56,57,,,,,,,56,56,57,,,,56,56,57,,,,56,57,57,,,,,,,,,,,,,,,,,,
,,,,,,,,,,,,,,,,,,56,56,57,56,56,56,,,,,,,56,56,57,56,56,56,56,57,57,,,,,,,,,,,,,56,56,57,,,,56,56,57,,,,56,56,57,56,56,56,56,56,57,56,56,57,,,,,,,,,,,,,,,,,,,,,,,,,,,,,,,,,,,,,,,,,,,56,56,57,56,57,57,,,,56,57,57,,,,56,56,57
,,,,,,56,56,57,,,,,,,,,,56,57,57,,,,56,57,57,56,56,57,56,56,56,,,,57,56,56,,,,56,56,57,,,,56,56,57,,,,56,56,57,,,,56,56,56,,,,,,,,,,,,,56,56,56,57,57,56,,,,,,,56,57,57,,,,,,,,,,,,,,,,,,,,,,,,,,,,56,56,56,,,,56,56,56,,,,,,,,,
,,,56,56,57,,,,,,,56,57,56,,,,56,56,57,,,,,,,56,56,57,,,,,,,57,56,56,56,56,57,,,,,,,57,57,57,,,,56,56,57,,,,,,,,,,,,,57,56,57,,,,56,56,56,,,,,,,56,56,56,,,,,,,,,,,,,,,,,,,,,,,,,,,,,,,57,56,57,,,,56,56,57,56,56,57,56,56,56,,,
56,56,56,,,,,,,57,57,57,,,,,,,,,,57,57,57,,,,,,,,,,,,,,,,56,57,57,,,,56,57,57,,,,56,56,57,,,,,,,,,,,,,56,56,57,56,57,57,,,,,,,,,,,,,57,56,56,,,,56,57,57,,,,56,56,57,,,,,,,,,,56,56,57,56,57,56,56,57,57,,,,,,,,,,,,,56,57,57,,,
,,,,,,,,,,,,,,,,,,56,57,57,57,56,56,,,,,,,,,,56,56,56,,,,,,,56,56,56,,,,56,56,56,,,,,,,56,56,57,,,,,,,56,56,56,56,56,57,57,56,57,56,56,57,,,,56,57,57,57,56,56,,,,,,,,,,,,,,,,,,,,,,,,,56,56,56,,,,,,,56,57,57,,,,,,,56,56,57,,,
57,57,57,56,57,57,,,,,,,,,,,,,56,56,57,,,,56,57,57,57,57,57,56,56,57,,,,56,56,56,56,57,57,,,,,,,,,,56,56,57,,,,56,56,57,,,,,,,56,57,57,,,,56,56,57,,,,,,,,,,,,,,,,,,,56,56,57,,,,,,,,,,,,,,,,,,,,,,,,,,,,,,,,,,56,57,57,56,56,57
56,56,56,,,,56,57,56,,,,56,57,56,,,,,,,,,,,,,,,,,,,56,56,57,,,,56,57,56,56,57,56,56,57,57,56,57,57,,,,,,,,,,56,56,56,,,,,,,,,,,,,,,,57,56,57,,,,,,,,,,56,57,56,,,,,,,,,,56,57,57,57,57,57,,,,,,,,,,,,,56,56,57,,,,,,,,,,57,57,56
,,,,,,,,,,,,,,,56,56,56,56,57,57,,,,,,,,,,,,,,,,57,57,57,,,,,,,,,,,,,56,56,57,56,56,57,56,57,57,,,,56,56,56,,,,56,56,57,56,56,57,,,,,,,,,,56,56,56,,,,,,,,,,56,57,57,,,,,,,,,,56,56,57,57,57,56,56,56,57,,,,,,,56,56,56,,,,,,,,,
,,,56,57,57,,,,56,57,56,,,,,,,,,,57,56,56,56,57,56,56,57,57,56,56,57,,,,,,,,,,,,,,,,,,,,,,,,,,,,,,,,,,56,56,56,,,,,,,56,56,57,,,,56,57,57,,,,57,57,56,,,,56,56,57,,,,56,56,57,,,,,,,,,,,,,,,,56,57,57,,,,,,,56,56,57,56,56,56,,,
,,,,,,56,56,56,,,,56,56,56,,,,,,,56,56,56,56,56,57,,,,,,,,,,,,,,,,56,56,56,,,,,,,,,,,,,,,,,,,,,,57,56,56,56,56,56,,,,,,,,,,,,,,,,57,56,57,,,,,,,,,,,,,56,56,57,,,,56,56,56,,,,,,,,,,56,57,56,56,56,57,56,56,57,56,57,56,57,56,56
,,,,,,,,,56,56,57,,,,56,56,56,,,,,,,,,,56,57,57,,,,56,56,57,,,,,,,,,,56,56,57,57,57,56,,,,,,,56,57,57,56,57,57,,,,,,,,,,,,,56,56,56,,,,,,,56,57,57,,,,56,56,56,,,,,,,,,,,,,56,56,57,,,,57,57,57,56,56,57,56,56,57,,,,,,,,,,,,,,,
,,,,,,56,56,56,,,,56,57,56,,,,,,,56,56,56,57,57,57,,,,,,,,,,,,,,,,56,56,56,,,,,,,,,,,,,,,,,,,,,,56,56,56,56,56,56,,,,,,,,,,,,,,,,56,56,57,,,,,,,,,,,,,56,56,57,,,,56,56,56,,,,,,,,,,57,57,57,56,56,56,56,56,56,56,56,57,56,57,57
,,,,,,56,56,56,,,,,,,57,56,56,56,56,56,,,,,,,,,,,,,,,,57,56,56,,,,56,56,56,,,,,,,56,56,57,,,,,,,,,,56,56,57,,,,56,56,57,,,,56,56,57,56,57,57,,,,,,,,,,,,,56,56,57,56,56,57,,,,56,56,57,56,56,57,,,,,,,,,,,,,,,,56,56,57,,,,,,,,,
,,,,,,,,,56,56,56,,,,,,,56,56,57,,,,,,,56,56,57,,,,56,56,56,57,56,56,56,57,57,56,56,56,,,,,,,56,56,56,56,56,57,,,,56,56,56,,,,,,,,,,,,,,,,57,57,56,,,,,,,,,,,,,,,,56,57,57,,,,,,,,,,56,56,56,,,,,,,56,56,56,,,,,,,56,56,57,,,,,,
,,,,,,,,,57,57,57,,,,,,,,,,,,,,,,56,57,57,,,,56,56,56,,,,,,,,,,56,56,57,,,,56,57,57,,,,,,,,,,56,57,57,,,,,,,,,,,,,,,,,,,56,56,56,,,,,,,56,56,57,,,,56,56,57,56,57,57,,,,,,,,,,57,57,57,56,57,57,56,57,57,,,,57,57,57,,,,56,57,57
,,,,,,57,56,56,,,,56,56,57,,,,,,,,,,57,57,57,,,,56,56,57,,,,,,,,,,,,,,,,,,,,,,,,,,,,,,,,,,56,56,56,,,,,,,56,56,56,,,,56,56,57,,,,,,,,,,56,56,57,,,,56,56,57,56,56,57,56,56,57,,,,,,,,,,56,57,57,57,57,57,56,56,57,56,56,57,,,,,,
56,56,56,,,,56,56,57,56,57,57,57,56,57,56,56,56,,,,,,,56,57,56,,,,,,,,,,,,,,,,,,,56,56,57,,,,,,,56,56,57,,,,,,,,,,,,,,,,,,,,,,,,,,,,,,,,,,56,56,56,56,56,57,56,57,57,56,56,57,56,56,56,56,56,56,,,,,,,56,57,56,,,,,,,,,,,,,,,,,,
56,56,57,,,,56,57,57,56,56,56,,,,,,,,,,56,56,56,57,57,57,,,,,,,,,,56,56,56,,,,,,,,,,56,57,57,56,56,56,,,,,,,,,,,,,56,56,56,,,,,,,56,56,56,,,,,,,,,,,,,56,56,57,,,,,,,,,,56,56,56,56,56,57,,,,,,,,,,,,,56,56,56,,,,56,56,57,,,,,,
,,,56,57,57,,,,,,,,,,56,56,56,56,56,57,,,,,,,,,,56,56,57,,,,,,,,,,,,,,,,,,,,,,56,56,57,,,,,,,56,57,57,,,,,,,56,56,56,,,,,,,56,57,57,,,,,,,,,,,,,56,57,57,,,,,,,,,,56,56,57,56,56,57,,,,56,56,56,,,,56,56,56,,,,56,56,57,56,57,57
,,,,,,,,,,,,56,57,57,,,,,,,,,,,,,56,56,57,,,,56,56,57,,,,56,56,57,56,56,56,56,56,57,,,,,,,,,,56,56,57,56,56,56,,,,,,,56,56,56,,,,,,,57,57,57,,,,56,56,56,56,57,57,,,,56,56,57,,,,56,56,57,,,,,,,,,,,,,56,56,57,,,,,,,,,,,,,,,,,,
56,56,57,,,,,,,,,,57,56,57,,,,,,,,,,,,,,,,56,56,56,,,,,,,,,,,,,,,,,,,,,,,,,57,57,56,,,,57,57,56,56,56,57,57,57,57,,,,56,57,57,,,,56,57,57,,,,,,,56,57,57,,,,56,57,57,56,56,56,,,,,,,56,56,57,,,,,,,,,,,,,56,56,57,,,,,,,57,57,57
,,,,,,56,57,57,,,,,,,,,,,,,,,,56,57,57,56,57,57,,,,56,56,56,56,56,56,,,,,,,56,57,57,57,57,57,56,56,57,,,,,,,,,,,,,,,,,,,,,,,,,,,,,,,56,56,57,,,,,,,56,56,57,,,,,,,56,57,57,,,,,,,,,,56,56,57,56,57,57,56,57,57,,,,,,,56,56,57,,,
,,,56,57,57,,,,,,,,,,,,,,,,,,,,,,,,,,,,,,,,,,,,,,,,56,57,57,,,,,,,,,,,,,56,56,56,56,56,57,,,,,,,57,57,57,56,56,56,57,57,57,,,,56,56,56,,,,,,,56,56,57,56,57,57,56,56,57,56,56,57,,,,,,,,,,56,56,57,,,,56,57,57,56,56,57,,,,,,,,,
,,,56,56,57,,,,56,56,57,,,,56,56,57,56,57,57,56,56,56,,,,,,,,,,,,,,,,56,56,57,56,56,57,,,,,,,,,,56,56,57,,,,56,56,57,,,,,,,,,,56,56,57,,,,56,57,56,,,,,,,56,57,57,,,,,,,,,,,,,,,,56,56,57,,,,56,57,57,,,,,,,,,,,,,56,56,57,,,,,,